,0,1,2,3,4,5,6,7,8,9,10,11,12,13,14,15,16,17,18,19,20,21,22,23,24,25,26,27,28,29,30,31,32,33,34,35,36,37,38,39,40,41,42,43,44,45,46,47,48,49,50,51,52,53,54,55,56,57,58,59,60,61,62,63,64,65,66,67,68,69,70
above,0.4540005281502116,0.41714684747797787,0.4242621961732027,0.417303974412725,0.4391193042796794,0.486984003159914,0.4748665057650906,0.4579267542832817,0.4160117589064684,0.39122674495152954,0.4409197482793552,0.4820360774826018,0.37747791348012794,0.3841322166985639,0.47982251995953945,0.4403068184252226,0.40964115293723263,0.47671113703430923,0.39326190573552255,0.3613363788098226,0.44237358434099033,0.4639859523427566,0.45253560782435215,0.49132633856345836,0.4750651237970016,0.38954628062271396,0.3446974003356135,0.3210274034466969,0.385468919049072,0.2616656263934905,0.43332013706741224,0.3947316192567222,0.38644658111112556,0.3797413501921996,0.37067322375789213,0.47063576194056106,0.4729185212213481,0.4520219869861751,0.435031607378585,0.38930062936152693,0.4472199541920313,0.4472924512715523,0.43887649897822556,0.38512530685811885,0.38902696786507035,0.42893690971612153,0.4463574786054977,0.4721517597542649,0.39280026110931615,0.42301836198241166,0.40844779708486845,0.4205754800197899,0.45564429457720346,0.36161198754188617,0.32828310289297796,0.3771056919044878,0.4606263717713149,0.4227177387621663,0.4408535422687182,0.4674902274985317,0.4463514871113224,0.414893146943941,0.4268395871800598,0.4348777757656343,0.3819824685884684,0.42099952802004637,0.34325614641174657,0.3777327017699323,0.4171943300693171,0.44082373458519614,0.43957780337144375
angry,0.3101750100469868,0.28641783691781963,0.2860803660083962,0.300049834252803,0.313734556736529,0.3645377839350366,0.33943552036351593,0.3152918958600423,0.29662494639485054,0.3146536519430191,0.28026427282508387,0.3545752772077121,0.3346201564948321,0.29223632669880206,0.3507071685681422,0.32978636878155926,0.2967155677442519,0.3522326029851721,0.3244699662124665,0.3073539150145496,0.2478228782508911,0.32164872139267486,0.29548671228889906,0.3056827375017057,0.3674805062992323,0.3538468613033507,0.28530401815063244,0.31605176710882393,0.32419615492865556,0.3320222446204246,0.37426302749301954,0.3216819741853478,0.30851446743630406,0.3149349525945491,0.3013995681031424,0.3393703628643596,0.3163171903007895,0.3830595894538319,0.3625841074718276,0.3281890364344259,0.33905880516724435,0.38784724266195497,0.38094399286053554,0.3049215181667346,0.31282444877130183,0.3540633040304332,0.3646023422847754,0.3314747718401571,0.3052324767144324,0.31768789438074235,0.3257501987303724,0.3331104497500124,0.34803541152802425,0.32666015690824524,0.29581190063526314,0.3118852820593245,0.3562513977032506,0.3206755529512528,0.3151689204420944,0.3950681914420193,0.3340109713245591,0.3135188629462184,0.31369501287497203,0.3366213155493803,0.32679047190655786,0.33200846418382146,0.29400306854374186,0.29075358167777116,0.29053998491042193,0.2993004481188281,0.34325045449228003
beach,0.28040791889793654,0.26869754353232433,0.24305574591031842,0.23959535844937735,0.2703483499649722,0.3192149764586705,0.314366060222605,0.23887473148744384,0.2502088410188476,0.2517813086651535,0.29775524177101975,0.28409044100542663,0.27249465296591696,0.2896301765199035,0.2547890387411511,0.266250916885843,0.25981485384274217,0.2536096131127445,0.26315556120753175,0.21822819234673496,0.319420484708883,0.30625477540809193,0.3499422045493116,0.3838640973342195,0.2174045116849864,0.22282921051129764,0.16848815578963325,0.20093404398445747,0.20041922484744532,0.15117273762303346,0.19611613373074915,0.21371974276718056,0.26251686792844536,0.24343965089960037,0.2122230675221921,0.2819165771312756,0.2925678061140502,0.22713140290386752,0.2663622088901491,0.24604789810146027,0.28703196507078726,0.2348183401434154,0.31190939782338006,0.2662076283404265,0.2874918122487411,0.26133160059321786,0.3125930273087811,0.330958005467538,0.2350235488189192,0.24814327340191497,0.2121731883331828,0.2206890487918826,0.26904205444740376,0.1242463636498445,0.15709787600033612,0.21996542608286146,0.27093267043441777,0.2683447943127539,0.3062216724027734,0.2934148536030824,0.2709157444633726,0.2226114196980257,0.21359871458483964,0.235400713377254,0.1942186275254335,0.24848314090900853,0.18285081583929375,0.2464482796997243,0.2206162521376528,0.26206570841704574,0.2708111928900137
below,0.4430889687455204,0.4380447297993404,0.40521029320724833,0.39929893526654886,0.4129748202963663,0.5137249403883777,0.46889688054353634,0.44106189647866406,0.40314682261327706,0.3904954830874349,0.43634269609149373,0.44248382783381573,0.3925818711466267,0.37551405147682093,0.4820255923677951,0.4313742495466311,0.40048704856150963,0.486003045776064,0.39534394996143724,0.3541328053628666,0.47547823732038813,0.5015241612245176,0.48825090460327997,0.5243499565841353,0.5187637869898,0.40637623797376055,0.3477554589626836,0.3395223970290577,0.38477899849478686,0.2846006167344529,0.5071160227383196,0.45579273384539637,0.39361735112747187,0.38754347390726757,0.37161853175139914,0.4741613069006585,0.4853716920773424,0.47542161770043156,0.44912315231681343,0.40880369183888093,0.4668837385006376,0.46287572847207464,0.4830853379000502,0.41794431535270954,0.4022519929581969,0.4800063090433666,0.4936838417340822,0.49543440654474874,0.4202934304314879,0.458038495649651,0.4086808662082874,0.41943544846558584,0.46421632529379664,0.35738393988973555,0.33246486625262445,0.39847061119681443,0.5019398211329287,0.4496453110341903,0.45511659372771446,0.4706254266131087,0.42281150564600967,0.4177585790332754,0.44613998736693455,0.4391684345319168,0.3817171951838572,0.44219518760192095,0.3626380309194053,0.4119117794423147,0.4472123150369578,0.46497634632993273,0.4390128054707135
beside,0.40161359925381934,0.3962822179492883,0.4110585906717528,0.4111724290610834,0.35882803977333577,0.45750090883477273,0.4532159419879568,0.4126774923979173,0.4063197681411584,0.39352747871484245,0.37227355185211314,0.3971232739441452,0.37832166564736375,0.36642255821522973,0.44107028457050945,0.4214763011690454,0.4163657064248739,0.4200825298365176,0.38903895085342094,0.3500389671802426,0.3980234959439831,0.42019681758791133,0.4077509863122818,0.44942542319795703,0.38837838862059476,0.3502901605735418,0.31992287149548143,0.362917234547974,0.3548380042272987,0.32340857301931314,0.4059725610537001,0.3945906693562484,0.38576894311989984,0.3547040943324809,0.3344660253071727,0.4073363749153514,0.4246417573292076,0.44615930993564984,0.4054769146980489,0.3763891092011226,0.4302415575727918,0.39191846295406724,0.399808661633512,0.3662249886947994,0.36958067479502726,0.3918025275417753,0.3944717381968688,0.3967191476620216,0.30916529349109534,0.33691474897661533,0.37036091712400493,0.3566781418758859,0.41414855400530637,0.32806096824642894,0.30591730449866844,0.3784952691910929,0.3864949624265911,0.36058684288849335,0.3903498897789753,0.37471957934917693,0.36211871816176167,0.2916415211145497,0.32003311498830683,0.3966364650424026,0.3407319299156952,0.39221534149045306,0.3084037745814155,0.3533041817184234,0.3286694044799301,0.3678976640811871,0.3458065756948149
blueberry,0.6700022812614073,0.7663044658650348,0.6469218473993396,0.5558402014580002,0.54694732622832,0.8498858096103866,0.8269189145629408,0.56852119888001,0.5838291669231775,0.540598589212824,0.48849236181854433,0.5960419290753881,0.6499951843365566,0.5901362630541551,0.6191846744768789,0.6445644940160701,0.6369669798270885,0.5979323952750478,0.5370571667931621,0.4075138729302945,0.4284174471711235,0.4829893242058911,0.5036369118580807,0.5166188320750447,0.36534663564870135,0.3399678646209908,0.2865713689560615,0.3028812646126926,0.3254825287280912,0.24027015048086983,0.6224287689980919,0.6773496505685703,0.4455737911673692,0.4278669786437684,0.3542965229412065,0.3900458214495791,0.4080282427052435,0.46038656221694874,0.49033459649009287,0.4461256077809138,0.4522593999428711,0.46204410908054383,0.4268625046452803,0.3497413397070848,0.3594475602710612,0.49201955443953993,0.47590737809069356,0.4072092054514808,0.30905624829710504,0.3152408183721979,0.3029097242100252,0.33461071989150604,0.35834362746926324,0.35809468088627977,0.3225597280820284,0.36611789073641604,0.4203846509303068,0.36671449376892096,0.3555321188275065,0.43086017934639087,0.2918922651457858,0.2761935018950347,0.2371403437110506,0.292542641838514,0.2547433535980645,0.3048983011268053,0.23337993217928168,0.2818792800800344,0.2968267099612036,0.3167670017259997,0.2656108755205672
dawn,0.4069801805866302,0.4193286500819112,0.3670209586959872,0.35798488675551754,0.35432333487764095,0.4834897637568825,0.44228146511804517,0.40800592438944056,0.36359037891856827,0.35589759997219944,0.3467159347232701,0.39514158724566667,0.4255505172082453,0.35292027672914145,0.43288410607880523,0.38420456399073055,0.3747559776762919,0.4285874558183475,0.35856441402962286,0.3070832492651807,0.35960438763109953,0.37602242975759465,0.3413235899655055,0.3861801094076794,0.48386033767162445,0.3804324690453198,0.3140263425028658,0.2881233157348171,0.3376585929784781,0.22774163658562122,0.40631752133084265,0.41298710285942564,0.37237375959219493,0.33371199576521193,0.3059427683489135,0.39755451173741196,0.397117731812033,0.4102211295734011,0.3671307528267495,0.3063055533212275,0.3659006990725616,0.3950574067525038,0.4212436814076896,0.33116740818896456,0.3249952704642854,0.3920808324462177,0.41611271558332213,0.43816875372876896,0.34689912465767975,0.36989972185986164,0.36854040161884183,0.3548074476070047,0.39130508373787154,0.27210101179860013,0.22610266335396953,0.2938078956209817,0.415818832794024,0.3539809209855229,0.3710246248912731,0.4421367705337118,0.3837435185139417,0.35603780093590137,0.35868768902227954,0.3989858796958897,0.3049928169474206,0.34642280087074384,0.25160111447783157,0.2932700092313946,0.3378596076080592,0.3672776942213986,0.40065106571455833
day,0.4404513632222016,0.4094473281006619,0.4161044772788311,0.41315591320781453,0.404399644045331,0.46648919860919447,0.42252106796586225,0.413647365517543,0.3946592719645555,0.39494506623671705,0.3991115512862165,0.42905629023756425,0.41362909146030835,0.3908112348304729,0.4347706778072509,0.4000767809978564,0.3812032747709714,0.4144334495533416,0.3816836428164756,0.3701362360924314,0.3864991564725138,0.4200883715433385,0.3982053377922033,0.420333423655108,0.42276986476149137,0.39262740650235894,0.3539283456241347,0.3616795416387126,0.38734830098450734,0.32712914111481634,0.3982415863319638,0.3618678243431712,0.3860664208057032,0.3681118599979539,0.37005565049577366,0.43180653585137857,0.4089358042854462,0.422842212053658,0.4075833742627279,0.34418228162389264,0.3868077184225414,0.4126351025766271,0.4159846473953252,0.36735019130091967,0.36324182374492053,0.4067024748316053,0.41988001733339264,0.42074309206934374,0.3719853609822815,0.4018288436820667,0.40919134151202247,0.40524055025283356,0.41975614319131843,0.35098801985760913,0.3071121582245765,0.3483685386041706,0.42584290212399967,0.3755200429709962,0.38215861851722205,0.43208618884201044,0.3899930963008365,0.3780325760534058,0.39657520201446017,0.4336481713735096,0.37802014370299203,0.3982691472051702,0.3457179015810205,0.3603844801727228,0.360910683148668,0.3790008015121333,0.3843757709367896
disgust,0.22041973112870314,0.21304345286214427,0.22775421872338933,0.2424795139580095,0.23677396384223137,0.31909185125336814,0.27816754943843974,0.24834548633033116,0.232543669379765,0.24444996660490934,0.2132010291589545,0.3096179508760388,0.35745014590037255,0.2841355269990957,0.28641693819369335,0.2615577794983352,0.2388309935799642,0.25658468954548674,0.24749529330685693,0.23558270501282855,0.24753064312249115,0.30123135690417097,0.2887829792435169,0.32998678426172284,0.3095761602041662,0.284871731845885,0.25578677230869196,0.2629913942671287,0.3070243828349084,0.28145118782120965,0.3042101780207728,0.2469421286071229,0.27754608170510736,0.2345314973597732,0.2339554151948187,0.3842685231910518,0.3808824302578844,0.40321003287682644,0.43179335456419293,0.417244808407744,0.4471035694176762,0.43812561497070684,0.41499320489666847,0.2669986553589197,0.2664793426012761,0.33638345323062113,0.3245691254410676,0.29449227404315464,0.23081617182167335,0.252977510477251,0.37232867359852584,0.395173042590087,0.43478071355999454,0.4033960687709693,0.3863402320895141,0.41218559072612565,0.38590719684799474,0.2552780944532095,0.2354863917439607,0.34371764125059856,0.2574609455686235,0.25234720529001003,0.23628850302667817,0.40957569586336756,0.40737621835161714,0.4229298376559717,0.3908217199452797,0.3675278391032171,0.21262255039632985,0.21486217091905477,0.2204546315822742
dress,0.27189370610013497,0.34155336376712797,0.27721415292779605,0.28563100394524915,0.27961000166114175,0.4024649905761286,0.35265665098542853,0.33412510928859845,0.29909553901803304,0.31648794788478535,0.27761827920991966,0.3474767046961781,0.2651492308943608,0.24963036225622295,0.36335970639281945,0.32360194849382073,0.32449737729831846,0.3642921326738496,0.3319554394603701,0.30035015789833963,0.2864891356985056,0.3501235970354686,0.33925727341180095,0.35902456078228545,0.3689665466420596,0.30269657680473916,0.2959249900878218,0.2645884270395533,0.2663596625051246,0.20997206316053416,0.3729308187631429,0.30617194300111844,0.33671837775502006,0.3157542894230206,0.2958990768755137,0.30691728487652503,0.3073834231233629,0.3522757417432342,0.33126836486581823,0.23117925636869618,0.27462582744406905,0.3820705435528452,0.3913449271741372,0.3249341572236974,0.3056774949443023,0.34749063492013565,0.38537350450433044,0.36734240235849175,0.32754734740825187,0.34811105414198734,0.2673966403595136,0.27442481281448794,0.31656973178027814,0.20497575616775646,0.15436725252994588,0.2604480049897164,0.3690574675661697,0.3182045109660071,0.3296350835536331,0.390221671803624,0.342590341621517,0.3447198684387709,0.32582149751105843,0.29014050203628416,0.23498655134238677,0.3080373947125963,0.20103095640274285,0.30756316794862176,0.27190703717467496,0.2972727767025542,0.3375838490886413
dusk,0.3089383656492061,0.3944564598867218,0.31367658903038304,0.30778620131929707,0.27374223184056756,0.47662965271352525,0.4021916286543808,0.39635037119553224,0.32580651877562017,0.3041134153898418,0.2529835019714263,0.39924516160632556,0.3996784964225537,0.28918710552564053,0.4284530965614665,0.35399170567503846,0.3200427013789873,0.41809080738529547,0.30351142001257914,0.21813577354908104,0.25564507347144627,0.298233662580917,0.2781387902663983,0.31580566648557373,0.5103679062019604,0.3844960501823586,0.24327293757417282,0.20081855793422868,0.28668415883391146,0.13779912347435963,0.409573898415115,0.3977998634238903,0.277109151992374,0.25420636593260376,0.21363091886603183,0.290980359732306,0.29822452555229967,0.3295601898764419,0.2820996172783308,0.2467841029482495,0.30135268466122067,0.38091658177468357,0.3682340864791299,0.27758847152639754,0.27682770155348957,0.3104793779510917,0.3746066396839727,0.41293407813597427,0.25930003470573,0.3039971804028411,0.2543549549881511,0.24618645140426393,0.2879296406856007,0.20769319835096106,0.16132652280190427,0.22352347489885985,0.3398101385368262,0.2751328576386533,0.2821354164560282,0.372392183436784,0.3303317445388654,0.2861113719907533,0.22971463561754554,0.2839469447199284,0.21129079102851636,0.2525359373565318,0.16990574331150782,0.2038616378258605,0.22463954047636273,0.257183389600953,0.32354592802328175
far,0.5027139221803766,0.4884135736701392,0.49119497505366505,0.4845721271796494,0.46627964610041356,0.5674801767670526,0.542815142482974,0.4949824980965772,0.4835740940373998,0.4831337192155157,0.4673573661151946,0.5045489670589148,0.49360190805123505,0.4574899743579028,0.529021075230549,0.5050381725583276,0.4835477314630285,0.5123829954804662,0.485872580990397,0.45046989042006513,0.47873775993910245,0.5148786025918305,0.49616536883413465,0.5292240370957371,0.4569460964741405,0.4333418562337977,0.38597235434715105,0.40412343616385,0.44121213319510955,0.39527534735313014,0.4802300913508138,0.48875404032665026,0.4787984238176273,0.4665404258843932,0.44546279873777195,0.535602132432692,0.5192077567081892,0.530056105849331,0.5173249296636031,0.46308318395789416,0.5072890271326311,0.47090343194284234,0.48183701008862767,0.45118392673840585,0.44926545030347664,0.48027053393649705,0.515773582034265,0.517026403466319,0.45348945369705895,0.46144525923772317,0.4957435676441939,0.48703717767071975,0.5003621109292193,0.42203545736295467,0.3844223548040025,0.42418026249035556,0.4942136396065326,0.4546781661414373,0.4568042478495404,0.5108091797479708,0.4774233759043973,0.44916539235074926,0.4689964891342006,0.4900369690169351,0.42855749834747103,0.44947350493871374,0.3823798544396448,0.4020759928167976,0.42774834705909753,0.4494902811224046,0.4623317008009579
fearful,0.41092303311603684,0.40719168033101805,0.4057598630104772,0.39780780215367256,0.3888439277180151,0.44825408608668704,0.4230018853734296,0.4069640035523569,0.37669542434083453,0.38717544637755014,0.3600829582283511,0.4118042321218682,0.4163881745280313,0.40668270290082686,0.40548844832433634,0.37913351310811605,0.3711928360902445,0.4160749691700178,0.37530165300830676,0.3642897360761794,0.3648920310281509,0.37871695447557874,0.3939308560601941,0.4293065849067372,0.44673329507764303,0.38353606302812215,0.33808788353613795,0.33249197776376765,0.3784642632087357,0.35406719850164714,0.39069979303881247,0.38293691361059273,0.4024488135418553,0.36669397290137057,0.36089495547645783,0.3792665242788076,0.3960340203030767,0.40558011818521833,0.3771506281108025,0.3741148877995354,0.41841000423748426,0.4035901931822488,0.4021555299019747,0.38609922423631293,0.39537016274845416,0.3695321436922074,0.38378560876052314,0.41655998062350785,0.3642783522372464,0.38405672387195516,0.3393441500773427,0.36636923391706966,0.4050512190368943,0.3350912377243646,0.33779924330424316,0.3927213231735567,0.4128635282920602,0.4008499833211781,0.40166512610372684,0.4336321441265907,0.39077528586542115,0.3671583136999559,0.37872998597541,0.3835968766940014,0.36149155850896275,0.3859542300772708,0.3382790122003298,0.35670225763994146,0.3893496098264099,0.40148358383021543,0.39837969027270437
field,0.44403757206082384,0.42504288786424355,0.4397374766912153,0.4339484950190462,0.39829236424509945,0.4911837410020864,0.4811695576374999,0.42841370248726396,0.43448053970181233,0.4030948464013064,0.4278695250287929,0.42386630819557014,0.3839437842067509,0.371556969148748,0.46435472880924594,0.44610089286744076,0.4078396604260761,0.4156289024286671,0.4047384630409439,0.3593584367952037,0.43340087245142433,0.48664383607811174,0.4593392490351073,0.4777551548943542,0.3811542943060884,0.3661267281903246,0.3157906877501355,0.3128253474954281,0.33326877498359453,0.26018827371721737,0.4542810798649697,0.4106221103210827,0.4024843131448439,0.3854009155901824,0.3562579883468434,0.501564304235492,0.4890901631498843,0.546052945935303,0.5186429085948133,0.43679834922352484,0.47831925407095816,0.518134230739331,0.5103011010419058,0.4039246683445846,0.4091338231679396,0.438246343578339,0.476092065898647,0.45277137312015,0.4120098901594352,0.4186549065618994,0.4537843849978378,0.47362626647080475,0.5024344189770992,0.4264723085871143,0.36906031352590296,0.41392492148521354,0.5039953529971176,0.4269592672762113,0.4381859792745229,0.470991057545156,0.44903552671449976,0.4001822312953416,0.4215263301454091,0.5028851291264357,0.44832628359149934,0.475633716594237,0.36611249839165827,0.40536637163051475,0.41612679559463406,0.43337930307239325,0.45067719611853035
happy,0.318515918875768,0.30927673528275584,0.30721850724618793,0.30597017943476545,0.32912520739931556,0.35859152554076607,0.3232613320499553,0.3409693428723912,0.30599654200913673,0.3138416546949124,0.3253066783740463,0.3631071649133308,0.3235785816665371,0.31097652218028676,0.36360820361373974,0.33274676605357206,0.3121345282170167,0.36516973678317577,0.3289650847174808,0.30800099638548134,0.2663696982578682,0.32685862515280184,0.31610718842994545,0.3270505027537656,0.38148128010070503,0.34048627865450815,0.3081811905728033,0.30565083279522226,0.3319343194434022,0.2899306499527945,0.36241979074407016,0.3003663349326129,0.3371822691915422,0.32535625798834683,0.3046915945777577,0.3053356802016018,0.2896039637328866,0.3326240902103329,0.32550065299797143,0.26465268581458334,0.2932330117548622,0.35288672436175983,0.336505230349734,0.31998967665553596,0.3286800393820912,0.33496811251906233,0.34207072928916465,0.35127785838833897,0.3097292428803449,0.32791222940352727,0.30795246528266146,0.28327230247579027,0.3091184100491737,0.28440020125428933,0.24238110366618032,0.28265757517340506,0.3477388325663472,0.34299087300713543,0.356557113693545,0.35674240065091595,0.32609455985809743,0.3171278394627068,0.304677214991737,0.3021497031738892,0.2764424484780182,0.30025848803745764,0.2847971377434026,0.30509646979665317,0.32146732890651786,0.33981313428391385,0.3232569882166782
lemon,0.4293161712974176,0.4142969932734993,0.3956390310495705,0.37841722997945965,0.3690285586067739,0.5164726396171675,0.49755764229311855,0.38413790861803043,0.40033636248300103,0.40754667636090425,0.446826912174132,0.4877488173913903,0.4577167524124377,0.414708608923342,0.4242863119372583,0.41956830984892296,0.4376200826496664,0.4379653425015177,0.4294584692840809,0.36265495689045046,0.5538577658227497,0.5173887390765699,0.5752264297989359,0.6315869176323832,0.42241187298451754,0.4109402586617908,0.3361517321933917,0.3635635669821338,0.3648712105858917,0.32419270981950477,0.3678155806109856,0.43118312088243926,0.4420427040751597,0.4056267020524313,0.3589790254265532,0.5747409689833828,0.6241734921019375,0.4878881196309659,0.5004674114393501,0.574706967253938,0.6380751066748092,0.4895567507587853,0.5290919246491718,0.5465068016190815,0.6299660686706118,0.3473092424339786,0.4519608737455871,0.5598016276193502,0.41078702619825763,0.3904039630139073,0.4282696070523481,0.5252357989979526,0.63070736628745,0.4543269147954107,0.5494880193333535,0.6870660566726446,0.731992077447252,0.8111352218822548,0.823087653612549,0.4528582497856917,0.504472275933471,0.4025355404200427,0.37261461765804177,0.5645151360870541,0.5281791205115658,0.6774886532334371,0.6866535422986757,0.7972026013270261,0.8217734193651982,0.8396124941227187,0.6546215165640099
mango,0.29880779751026454,0.2830022358758389,0.26964045492816124,0.2626996085007918,0.260873700650871,0.3612291310640849,0.357108331157672,0.3486967226976223,0.33276024691546646,0.305479925423872,0.3000723023559604,0.36265750327547497,0.2669390399918755,0.28171481356492256,0.3737294849367096,0.3621404373281471,0.3490184659348356,0.3776265025356752,0.3745816251957908,0.2970394080044265,0.33883771903217597,0.3931413269152448,0.38702101561518193,0.42757803883716483,0.3975330921457353,0.38022920760542295,0.2702833422531703,0.23351953399356604,0.3258778175563062,0.2034143727856748,0.32535595841363807,0.3266704922356976,0.3521211611935116,0.34813367203249906,0.2979817202508459,0.3754954778448775,0.3981783760684145,0.33896698551900795,0.3898007693378096,0.3585539289148161,0.3789979555524,0.42611042233892654,0.42829581983936504,0.38045164182668073,0.4469615710057217,0.4145291636727919,0.48300684932635385,0.47247604937650267,0.334327472004369,0.31166329720012986,0.28299309884722157,0.31146662640382583,0.3845686970492341,0.2953911479568031,0.3157533906988943,0.3813145667752775,0.5264913166023855,0.5520335056337271,0.5551598672943955,0.5008024857511034,0.5030272773257445,0.43423998121067425,0.27400465928544543,0.32888614678172134,0.28548391276324564,0.3875973973548452,0.3619061699058931,0.4334928418870151,0.5013842598355245,0.5361891490745163,0.5486209003388339
near,0.47214172400152127,0.4425789428038485,0.44039758956197833,0.4423142685486549,0.42300383260903657,0.5062107079684326,0.5086429550288932,0.44351840909053464,0.44781086530506964,0.4504977508679803,0.4356569695831313,0.44787122960888576,0.44117423699445085,0.4061533543904396,0.47164622743322443,0.4716659993640029,0.4617361462799337,0.46845800359519607,0.4575512373858452,0.41676488972430287,0.46078349870606194,0.4835997076749992,0.4564029675271501,0.48332349979351813,0.4410244496400685,0.3884222763154288,0.3420353794735304,0.3809173307114555,0.39007757636870816,0.35012509490901245,0.4771537586665091,0.47399204719020643,0.45025015237118626,0.43385997069260623,0.4140040092083274,0.4755505846125548,0.47831580896180736,0.49685588853783724,0.46666355108969554,0.40824348713349096,0.4491225531673959,0.45236020683237044,0.4665160105456289,0.41430672945153413,0.4010304770832088,0.4573386891299766,0.4735356451214034,0.45256571508258303,0.3841913827035449,0.4184808536561071,0.43525868500782866,0.4277362142833926,0.47334766199165357,0.38399860637845484,0.3500491527203406,0.41041974760531214,0.48318524606542324,0.42407586070435105,0.4299592084097811,0.4526397100356479,0.42127438781533794,0.3757224056867668,0.40011362868703443,0.4685985041336067,0.40962437675354185,0.45731292570502285,0.37753707948510895,0.42263250975752276,0.405229765563318,0.43053588972415313,0.4135838556792849
night,0.3796580684231631,0.4445064064800406,0.38024134038112795,0.3830127060119102,0.3402674393297555,0.48535776185338486,0.38823354424890705,0.4266165538093845,0.37129169574413684,0.38089141749914734,0.3399130424492869,0.39970111431306543,0.3166958527326681,0.2791778651437487,0.427370882926054,0.3544078149455126,0.33856720307016147,0.44102474921477725,0.3614265507971608,0.32899788814809056,0.3281301700041536,0.35750332041117827,0.330771520211332,0.3558946042251118,0.5498803124144808,0.388658191398581,0.32436406655291816,0.27615665420585667,0.31884080764742334,0.24058560264919907,0.36616013077035187,0.33192847773658124,0.3074374963582949,0.31063545637435813,0.3103429216712494,0.3745224591908098,0.3536835930870739,0.4155647934409915,0.3256780012255601,0.2764870851096241,0.3419565913251253,0.4068025327843327,0.3740061421802538,0.29366320103664834,0.29203156738536135,0.3795845228321613,0.3448477868394134,0.34470908374925535,0.30322472701629133,0.3506535446952734,0.35968856812426236,0.3598993189318784,0.3724197443099903,0.27223926552669503,0.2186114981865994,0.3057246779609328,0.3819066761871509,0.2897953919717873,0.29856079816288805,0.3530456487447595,0.31343093776919595,0.3059969913711999,0.3344997274619087,0.38754422284403944,0.33025340575252343,0.36429902289215116,0.2777613261333548,0.33229500739275486,0.26823395167051095,0.27962468082187125,0.30600328244008396
noon,0.452076809157879,0.41628317359260925,0.433365073273727,0.43382357236549135,0.38449335400997975,0.43856973447645053,0.42247942708134395,0.40379959590367537,0.41393226106557823,0.4219695509270264,0.40582696774524046,0.3602923609497776,0.3635488878214043,0.37829500349828366,0.4009109467744117,0.391021236701317,0.40849048648086744,0.4127691622587993,0.40105728901964327,0.3934410514113639,0.4103138479457638,0.39907230699936835,0.39185001013311455,0.43692866422183746,0.3720542631652974,0.3613363788098226,0.319615957206352,0.33496601549610094,0.37259993849731227,0.2852572844960652,0.4099709846915826,0.4002718041332622,0.4330997998691158,0.39396575651376525,0.4038593610580739,0.4835589655146072,0.46050848912341596,0.4554268033386403,0.4104730719034722,0.3763374325638607,0.4287152244316356,0.4201944209902412,0.4210744216972375,0.34769913891743587,0.33940301650761495,0.4251383024089851,0.4365151013363878,0.45722020733266017,0.3810034584402253,0.44056909608274614,0.4378959909564387,0.4439515941194084,0.4660658995457099,0.3606617365656845,0.3154858704839674,0.38782747073117646,0.44990863720319446,0.379862528161895,0.38913496454758,0.4296981290510926,0.39874097737147457,0.39222942150176504,0.4323632954476178,0.4662215286069132,0.408626643186001,0.4509779691261301,0.38762136333154634,0.4313377014321618,0.39319180525367164,0.4075938593775347,0.3757859155250249
ocean,0.5366797026601186,0.5402653123493233,0.48635145116235734,0.43296618954900673,0.5220042866145077,0.6141274040308676,0.6049416945233699,0.4593221732767077,0.4543393471458244,0.3967227425585268,0.5609755111156447,0.5682586216477777,0.5174550948745613,0.5298952342307244,0.48423151073578397,0.47981293356885896,0.462052796747098,0.4377015669704504,0.41529577535252077,0.32809002699317913,0.6474281286571518,0.5621811495310682,0.6179661543489785,0.677939513170128,0.4317920064780035,0.38055559425062213,0.3424962751629649,0.3544102115431827,0.3702717936481474,0.2911960535226166,0.4421402156428626,0.4465495059938159,0.43057438507422935,0.39133069737547094,0.3263130996081413,0.5410001691099231,0.5886962074291232,0.4796361844906878,0.48734289366101413,0.4700056065406745,0.5216280207802992,0.4146248777922422,0.46761485057737784,0.3904769094554915,0.40291629987488264,0.39967669897430114,0.4376431499022413,0.5189877190846015,0.41595229332677863,0.39611190972735555,0.4219259628069012,0.4592604608867022,0.5172754998366569,0.31918067515451687,0.3317629627099888,0.40837425149386675,0.4434083153850636,0.428027850262375,0.4677569987766867,0.4569173373020991,0.4792332565073993,0.4156455288250036,0.416252916547024,0.47588520956224495,0.3950040824543437,0.46290418806940725,0.32895235279235835,0.40467660086358404,0.39701767385930564,0.4420674189886328,0.43762038222437516
pants,0.2575584571363264,0.3004972490803431,0.2470736419042706,0.2502387984897241,0.24932943946126881,0.3749727199780831,0.33135973515199146,0.30022598418155666,0.2643146157557424,0.25310333185493217,0.24149705870061566,0.3332170983463326,0.2932526338982863,0.2627553293966221,0.33323836815065494,0.28453426093646156,0.2678332704975382,0.3119905825694553,0.26286332607913176,0.2217194360026788,0.2247178792627047,0.3201310759180729,0.2973187614203496,0.31608262330382675,0.32296055904235554,0.3138557347062243,0.2635631325988061,0.2780664429742316,0.28132446771940217,0.26757698433418997,0.38882445536194543,0.28760415276452783,0.26110991530873195,0.24385066740002556,0.21766663955515553,0.2718366371181153,0.27038220190706264,0.3002342224860477,0.31678692344413256,0.2350568016115921,0.2672727662174394,0.3415025858539924,0.34780518836433855,0.2764641676444036,0.2844753945061893,0.3108283824868026,0.3417274166729203,0.31236505095541117,0.2533364009783511,0.27695202505762695,0.22251166132000705,0.2401211120632594,0.27920407793076557,0.16841685700894723,0.16343927343546735,0.22192928808616846,0.30529703506417116,0.26928456017414876,0.30710841354071694,0.33554419468401686,0.29700705393587995,0.2496944712438986,0.23413980342806334,0.24519770507798605,0.19878324736288128,0.24333824486068353,0.14382566789057913,0.21669481919992284,0.23426173033453057,0.28611466731254975,0.30586922275791173
sad,0.33416315527661156,0.3403622547250795,0.35061789530493037,0.34476195868535237,0.35663095885925544,0.36340269536352715,0.33833143777436364,0.3778510337798944,0.34117275409964243,0.32191384500993164,0.36393488983364763,0.3756857077849431,0.37434421223909475,0.3312761538082461,0.3819083238480491,0.3598642686909529,0.33643003709783403,0.37377741689011196,0.32571829402388897,0.2935116162340134,0.2979087738092617,0.3294457523376938,0.33417963188559363,0.365566673272289,0.42294227000638546,0.3948646304274137,0.32927544411576104,0.31180544539943866,0.4220541807822525,0.3432282859638314,0.3532954940518693,0.32290768410625853,0.3451624900709708,0.3101140465937532,0.29140800262906763,0.3688856614706931,0.34773299085952625,0.37376932837297533,0.3514715334375554,0.3298736948091642,0.3716573266761842,0.3695275002842215,0.33859506351807656,0.3258859060734428,0.3718174493580189,0.32895325151648463,0.35657643626226027,0.37109113047661885,0.34474518250166153,0.3547685028948653,0.34497240991825956,0.3413268852873019,0.36266993562588873,0.29072452293102097,0.26547666605104064,0.31995163066752286,0.32791252897823603,0.32656908619678077,0.3590567650634776,0.34959964086983913,0.3401371243314429,0.31319142778953857,0.3551862598262377,0.3477455729972944,0.31599634578770247,0.3312467954867872,0.2660982835717274,0.29088434603814695,0.2872538001426275,0.32522055064527644,0.31744988227462884
shirt,0.28930049455290796,0.3676289455674252,0.30946921203313715,0.3120251834483176,0.3035443732305433,0.4005595456410307,0.3848532930225605,0.37742488875667657,0.3249426951028972,0.31027806374680184,0.34004215914876446,0.37751011776132015,0.2579088097582267,0.3100051511871172,0.38948711461773294,0.3613023770803778,0.34219789875303525,0.376696772427024,0.3296362818524681,0.28840940958168737,0.3254396895447378,0.3639578072988682,0.3810340150605193,0.40456830460636556,0.4085340746009927,0.3210420826074264,0.33603714486728914,0.3165167070568268,0.2643668915424218,0.2587817704595671,0.4112305465545838,0.3170116044757061,0.34503591975651765,0.3062284128337206,0.28384104506038005,0.3412434537309109,0.34607394612238734,0.32173649678234295,0.34904782425629455,0.29968809779196964,0.3432992851698087,0.4125534684684887,0.42472099483967585,0.3676178613032009,0.35832595256144617,0.3940446944495247,0.41990967522956035,0.38482678066083487,0.324677421698286,0.3413131048506987,0.28821768176807794,0.3042280027159443,0.35263178628460107,0.28511558565881945,0.2551345981677112,0.31157941628167574,0.3991600823890364,0.35766119628269727,0.37775127540187575,0.4583046677783884,0.38604979440936676,0.35674075299001773,0.324735389404432,0.30571464220818917,0.2883276256861946,0.3313823530425032,0.2709452525721859,0.3220145021120766,0.3203669910012251,0.3389054229163568,0.37109472537312405
shoes,0.2659633251654289,0.28753974420214345,0.2818368902587442,0.27808426766940314,0.2566266300047138,0.31779529191383454,0.31088170678496274,0.2849660978791459,0.2701340042608511,0.2528633725132116,0.26137908318455705,0.31508863442014545,0.2023645132188089,0.20240600431597283,0.28767635026934013,0.2506152141112869,0.27441327918820047,0.25216281705676535,0.24946664467788304,0.2209020464098143,0.2659225830050369,0.29319511555420347,0.32200057188811904,0.3384683434162691,0.3074680529785889,0.3020223839226642,0.2588054368615595,0.25499424741665494,0.2658076961042256,0.23307975832109945,0.24533745667962478,0.22258400861217373,0.2945301702438134,0.23391886708034937,0.2191315598810149,0.26737342331958436,0.2709536406640313,0.2583911250393379,0.25063214008233214,0.22765206374770058,0.26888492751265664,0.2613808806328096,0.2868252585217396,0.2789470428306455,0.2859144016197405,0.2825996074672591,0.29247074390841044,0.30426095593390845,0.2073763980964424,0.23473895284559276,0.19881140738550518,0.2196579126443145,0.2635761640986374,0.15506930585993595,0.16315767320922853,0.22096375879981983,0.26806094727619934,0.2571213776362387,0.2762631530148225,0.3059799156128003,0.2614617658041761,0.22140922639175295,0.2074441019806232,0.24105773239021225,0.212215578154473,0.25403336153829215,0.172199137494456,0.22540854875376173,0.2168470031519753,0.24638761582119945,0.254975074635294
sky,0.5255770145912355,0.4700685172295151,0.4368648548088706,0.4161811684042749,0.49259383915624183,0.5245452792942499,0.5197928261144067,0.4215778569953166,0.4114757484537077,0.4048147048043245,0.5234122877457018,0.46481697258486987,0.4460274970637934,0.4570175450421809,0.4091724683053703,0.413201148988838,0.43756286388029236,0.4316121118653903,0.39402327485784805,0.36234879153809296,0.49158142642797154,0.4318394890693427,0.46041247542925684,0.5158228620738569,0.42516077051214246,0.3344862466000143,0.2921424100276043,0.292974778355907,0.36208052238639415,0.2479215881174291,0.3608055324258916,0.4003035590523913,0.4222587903083388,0.3712224939864122,0.3693645316426535,0.4555954638996748,0.47440456156417543,0.4419868333919751,0.38678644861821915,0.35345007460159183,0.4114230233049651,0.37484165604299857,0.4031372362225966,0.3646212154914276,0.35175448174998364,0.3533050804425497,0.3829686685297218,0.4467797291575015,0.3604643168326086,0.40985085523336795,0.41767170236773365,0.40601584959911663,0.43426799144594375,0.31200451279341285,0.252308410365225,0.327315476583668,0.4032723444162495,0.37002060025484823,0.3752731934109741,0.40024514198418215,0.38786312012151947,0.34750246812113184,0.40624382595248654,0.4353560467881772,0.3626590011490188,0.3877170774509967,0.294911978210134,0.3270528993514357,0.34077806442084496,0.3602267540885582,0.3921629159164193
socks,0.24838218423215483,0.31235920924859023,0.30516866730146547,0.2861922571621198,0.24711273640376438,0.37178988848481254,0.33227553503668517,0.31769583311052463,0.30393307141516546,0.27321378205430663,0.28182251067272346,0.31506317056990046,0.22843305501345015,0.21966165732817405,0.3464382289682452,0.31254913961394704,0.3403618053630164,0.29641000154131186,0.2982633204770847,0.24301365566373698,0.2945231302381574,0.328145598101655,0.3460403937550057,0.36365388875682636,0.3124403939946655,0.31586258568023906,0.2299602868787326,0.23465072809386156,0.2596406511495955,0.23325710654868814,0.36904833053755237,0.2924533685753021,0.3424282717040753,0.2835258924667596,0.24581467919068695,0.30954590315858094,0.3013552310462452,0.32634185878018274,0.31249461701695186,0.2570271613903322,0.27718104992247755,0.3410133803545796,0.3161939153081328,0.24303971866339952,0.2626838808285817,0.34447107164314184,0.35192943337990223,0.33931179600879613,0.27299179719511196,0.29394899530880986,0.2769051416157053,0.27915944129915965,0.30348430850143593,0.22792961971537107,0.20594473056325588,0.2524466640933199,0.32784123019755007,0.3117265074636792,0.31761180240471615,0.3816336138401119,0.3174518295102358,0.3148471772048811,0.26066519665357074,0.284352269300887,0.27137619079074393,0.297989209618565,0.25452930746865216,0.30518469454838437,0.301061348256947,0.3115991882124542,0.31203641749989625
strawberry,0.35366412073100423,0.2915103073921108,0.23215317374689023,0.2549964942269707,0.3217131299550593,0.432217252777095,0.38043786139007757,0.2662633492362568,0.2998726358125687,0.34127565801210313,0.24753348908222442,0.4088857753090825,0.4020941170866779,0.34732916415211146,0.26881542618022325,0.34197186963527226,0.46489216583676984,0.372797657805097,0.42327344984692483,0.3141638472941888,0.21645366155936724,0.31282235174834044,0.3183081638152397,0.359581470165879,0.2784304262453807,0.2838407454856713,0.18957102549365792,0.2148016568278843,0.27631647731298264,0.18147322154103926,0.22138885531155694,0.4565505080712167,0.6019618248952874,0.5040855249844558,0.3716492381590475,0.37398142726678074,0.343155639096956,0.3546888160223339,0.4285525553647764,0.3891947297019786,0.4230622496772457,0.3482626389446223,0.31104467542653075,0.2745286154510749,0.319587347821665,0.4080230001478401,0.49441255721315236,0.5966064776140552,0.5545722515031536,0.5567711298654865,0.3266399356154036,0.33873451554500655,0.3470201528400207,0.28085308691516087,0.2637145676140867,0.31243500164990773,0.25861670479503773,0.2457514689271376,0.28163842201418754,0.3304199692905966,0.314005671847961,0.4145081934431784,0.46213772617703275,0.3081082441312191,0.2513418325673957,0.27653606557450716,0.17395179932808388,0.19390107833414294,0.15724002419964497,0.20800460626072195,0.2062994270184333
sunset,0.18492582005955246,0.2202146722405537,0.17046864418927668,0.22308250092755819,0.17719873980903011,0.2992911613028564,0.22706160199672534,0.27648483829930837,0.2196791824486368,0.235464972152284,0.167089890836474,0.2892089744793803,0.2615658680154718,0.1589356170512532,0.28181007832230975,0.21139039961918063,0.17929711085657246,0.30524625715103554,0.2159184713421591,0.1473786239365285,0.13368042059090812,0.19466739043916303,0.15621877401746612,0.17905026129655036,0.37984919708735493,0.28878702350208524,0.1713257274310525,0.11819270772248178,0.24487026992130623,0.10158892927655254,0.2750919656909069,0.27261732880915607,0.1632775030927344,0.17611353042652997,0.1381142760679801,0.20127346212948788,0.1730792879888067,0.22178249647887377,0.1727424162288008,0.11994611849288159,0.1699024479897114,0.25991640966901336,0.27311162707861786,0.21055653341733407,0.2512390784422894,0.27144838829555623,0.3542957740044346,0.40058351161773187,0.22064980450503444,0.24761737000067854,0.19014650850919493,0.17265119572998194,0.19396953115509566,0.09422882804426695,0.07173750784698503,0.15305571445497398,0.278355682355544,0.2695751476416505,0.2981219212145478,0.3726847181398927,0.37114295690123517,0.26966262345660985,0.1864386723388142,0.21213169723601888,0.15666963395415698,0.1960001983184572,0.12108330408735239,0.18076233075714063,0.22176137646190586,0.2660684758882053,0.3991271291710723
watermelon,0.16929730707800672,0.028669748990845147,0.0,0.07573742935841134,0.18121528771679285,0.2035511286402259,0.1257025963091497,0.04479795258661042,0.10943434153703695,0.21018146588196068,0.17808862648141566,0.34453113637224914,0.26897435056322294,0.2937395925873833,0.01605405885534601,0.12295070303443716,0.27652602982176355,0.1859657936610291,0.29211245255672785,0.21600399992151142,0.3087602684848455,0.3661640252415658,0.3904827511623124,0.44839743258483095,0.26840291180625425,0.2517549460907822,0.13539893090773683,0.18793684545734649,0.24073359255532883,0.17823991170934184,0.02542265872254454,0.2831048402135908,0.49704447081700465,0.3972706647008574,0.2882257702852146,0.46695413855719725,0.4877317416329907,0.3982770859349524,0.4512782927716667,0.4713021658802082,0.5175277417414368,0.280047680310647,0.23858698997967534,0.1561720403628988,0.2368731230708325,0.18319757356468888,0.371977721827208,0.6224382056014179,0.46495387822677536,0.48353200379081834,0.3850899570424846,0.42771898873763864,0.476792920929802,0.32528765538003973,0.3662371214705044,0.432507540669888,0.16043199272153288,0.16455878412212102,0.2269025278263713,0.1860558158610129,0.30055476742442594,0.3397506729571364,0.37152566359168204,0.4388007065769081,0.3730665261062133,0.4239864376537848,0.28856863353939577,0.3274469898808157,0.07924994281867746,0.1549926147344922,0.12137494006633483
bear,0.40638043201968327,0.3596632540613718,0.3730650282326695,0.371558167447583,0.3684334534478128,0.45330311822820735,0.4452674760276573,0.37777224563148926,0.3895348967837809,0.3557000304517691,0.37294130387794966,0.4283794011831104,0.4037029830600987,0.34362402415410964,0.4257193275566342,0.4158116430010136,0.43036228618042394,0.3761158970667292,0.38355358814858487,0.31899119415122323,0.3078843120364175,0.38411783711254316,0.3786591365567872,0.4160959393996313,0.3993595991450737,0.33137441431272097,0.2855986498767025,0.31060744613908864,0.33261345530817177,0.2864525875840363,0.4369364531642653,0.38756129860243904,0.419359506276914,0.3526951463355048,0.30162394956000715,0.40589302396852306,0.3594818615752147,0.4240490487679166,0.44394695071142254,0.3438777639324333,0.37591158711535166,0.4802492641321748,0.4725025617382283,0.40085357821768325,0.37701941438836356,0.45354832012733126,0.44041781085481996,0.38646979815105487,0.3069748032206079,0.3166401318368378,0.3348315064518656,0.3553805340248716,0.3477785262152585,0.33172611502081073,0.27542074893377616,0.3072328868322087,0.4690011325421865,0.38631986100931814,0.38146734987674746,0.4462445389402934,0.3653611650220764,0.31742172225200493,0.26171236004805776,0.3154577104613436,0.3050820902106325,0.3025118889967857,0.24394413470916015,0.2545474317385324,0.3505328160876412,0.36604060046155473,0.37452620387466934
bird,0.4197404155191083,0.3709587184553449,0.37163755474540566,0.3553159756751328,0.3803487379142201,0.4999590331585764,0.5142493459160703,0.37823404004505007,0.3859865841458174,0.3355708568330969,0.40809070403202097,0.48187116160542687,0.4946743855086127,0.41943499910352267,0.4606295173057569,0.4670482050157494,0.41974176360529775,0.38036356686230394,0.3729901345554783,0.31186101650791453,0.4215889412595409,0.48034722506194083,0.48833643318263226,0.51169816769623,0.3837932479155966,0.37412971674761925,0.3501417213053489,0.3914211689375178,0.336164014756451,0.34014431412445323,0.43118491833069184,0.452195890104613,0.3813458723323434,0.3516735965786172,0.29843347891166305,0.4423060302441639,0.44425835862118346,0.45604183021573425,0.5138706834841916,0.4831813515942093,0.4821515635328306,0.5248730140256385,0.5862693527134204,0.5050366746847837,0.44681013599044117,0.4473486215294457,0.5013032248768037,0.4561748413864258,0.3578493291998015,0.31817455349513063,0.34441909543117116,0.39072705433731003,0.42906617620295345,0.4286129196685925,0.42388443246545043,0.45761969020679794,0.561388175276968,0.5255752171429829,0.4803168182290012,0.5168177496816644,0.4522312399202472,0.3679126428166254,0.28661615537502183,0.36151852023275155,0.3751359881943599,0.41596832057369754,0.38909167600216354,0.40621941061372224,0.4280369872909923,0.44318408371555323,0.43183918949463396
blizzard,0.5466227370313734,0.5465193837568496,0.5226169168939315,0.49673575907962264,0.5179363616441919,0.5705352396470351,0.5403718111582891,0.5057101186300867,0.47685418395774437,0.4646062217772539,0.47043834220748515,0.4579883168859329,0.45680215082657905,0.43047223009854063,0.465504945903548,0.42577459909040133,0.4135974863285337,0.45873740344519903,0.4376230783967541,0.4234798568212637,0.4319482346886243,0.37298129710156974,0.3588027257104452,0.41855514818388073,0.45256526572051986,0.4279465157289454,0.3436596735444526,0.37527259426155657,0.4345991712864831,0.38188735361843557,0.3522841298350796,0.3405162361253846,0.42185256700325385,0.3908969131971796,0.40576675322877875,0.47120270707689826,0.44444619196357893,0.48252123872344627,0.38690358232934613,0.3211463346060765,0.40257074044832253,0.3656817099604546,0.3746604133441959,0.35411183513325306,0.3457544496954898,0.36314760749901404,0.3433464681864391,0.3971903786789085,0.38927666338482575,0.4222583409462756,0.5069633894242039,0.48679781747841677,0.4797840246094632,0.30725490557330287,0.26511777554994054,0.3439375290868319,0.3579856356922894,0.3420159071174607,0.3537321241898938,0.4097197912982834,0.3922168393639969,0.39206884945786713,0.48890802172695536,0.5302824345418027,0.4532647726654854,0.45538651054031143,0.2927387134854004,0.3566075920319718,0.3507747226649687,0.36898661814754685,0.42376969535199355
boat,0.35353095977295834,0.3137791933681349,0.32044742681052846,0.3186355989719195,0.34928733423595193,0.42097825821572404,0.40137843310743904,0.33325739114466146,0.32974967087973556,0.28782583804901374,0.3692965281837639,0.4090670180078851,0.36614694948316623,0.3295690273303505,0.3977342565626708,0.3808590634306008,0.35084362484798454,0.322362158561598,0.317590981962457,0.2680017812712183,0.42496514822731907,0.4044346942862565,0.4388685602484433,0.4749649160569198,0.37395641277859887,0.33010406776020423,0.27467930152958353,0.319340947623706,0.2997366288947895,0.27448472775624083,0.41721455136215874,0.3577474737988215,0.3535929717376726,0.3264188494803352,0.2751773444829048,0.4038696963855263,0.40945946087636687,0.3745203621678484,0.3774672785779668,0.344503275924334,0.3845540178885046,0.36196967974415123,0.3714904635634022,0.3309178624565635,0.33245797603432287,0.35146674024221514,0.37612398558386584,0.40105923625525025,0.3148819278710978,0.31530852225637873,0.3234344862316213,0.36701766337419084,0.39154669074049026,0.23022331347302802,0.24063218651641197,0.292861539115994,0.35645600722933685,0.341568642077275,0.38024373697879804,0.393281677666301,0.38298559450076697,0.3199723013224276,0.32057819117090425,0.35883253339396726,0.30677109241864786,0.33949318849495314,0.22604125053867277,0.27222728253834444,0.29858086966837527,0.34989232536030224,0.3470393256213816
car,0.2883030605600759,0.2771993239797122,0.2835931469888772,0.3006877785951174,0.27976637965911694,0.355490777517697,0.34404043299929254,0.33601332867794237,0.3194490940935701,0.29288026253529176,0.32450082240746925,0.31837137407878907,0.28429460116944977,0.282818147217303,0.3720247550564841,0.3608837214248792,0.3134712305675248,0.3453669498097027,0.3203768769666143,0.2728411111166033,0.33384231076352455,0.3511725578782082,0.37438690163509375,0.3795529177003866,0.35228218259947264,0.3144268738884842,0.28204958830196714,0.3007634212090805,0.27249959594861156,0.26278558644220734,0.38010503388864,0.3128813679659671,0.30853049468322297,0.31861522789172353,0.28627344190819504,0.35875868822825674,0.3597579196693414,0.3039092552258187,0.3104152689634161,0.31126965603281304,0.32602161341651326,0.31848940651404234,0.3277609441756011,0.31108571716163147,0.30743480018591607,0.30988786768863585,0.33094811950214875,0.33617060540004384,0.307270633245513,0.3334482202341446,0.2521965192115014,0.30513166982493306,0.3586728600741957,0.2430388199392732,0.25659876955679867,0.282085986629082,0.32113734736481353,0.32697725673747263,0.3500386676055338,0.352978843584705,0.3575156029742376,0.29967102203357004,0.29847302277322,0.33449328660567024,0.2940739179623647,0.3383025288149678,0.2651195729981931,0.29568038733811547,0.2930032379532397,0.3197727845663903,0.3305143353238575
drought,0.34655865800116864,0.294214268713421,0.302380375699638,0.30252596900809764,0.3175605751295174,0.32484458438577674,0.29176554504397834,0.30926220590938075,0.2760871528734232,0.2719028431287523,0.33642179879334305,0.3059468126074818,0.3231416519538038,0.36765560771650524,0.309134587083447,0.26044830456442514,0.24720425647729202,0.30450930336747434,0.2513714904635634,0.2581328916403827,0.30470447629023456,0.3042014903542186,0.30044407456953737,0.33842310763524563,0.36460578739392624,0.30639512615914816,0.25692560556406097,0.2604334756163413,0.3554705562248554,0.27048046241153745,0.29303559202178625,0.26631188033907666,0.29380115519003447,0.257190429606609,0.2662441764548958,0.37418289125842497,0.354751127561757,0.35348572399193484,0.33215855111291254,0.3036168703100643,0.3658347926366334,0.356490907682908,0.36263338751141944,0.3207387632148021,0.357622700932621,0.3678399959497499,0.40272771759571524,0.3809998635437202,0.36403524736108384,0.3523653145811549,0.3058305776204811,0.3799519512124612,0.3895561665881032,0.2548306796256694,0.2601427383614851,0.34962840004188056,0.3875240015511978,0.37836225802040135,0.39965962321590154,0.41999340636066007,0.37991690097153574,0.34920659885193983,0.3966047101232735,0.36749593439673367,0.3275215839832981,0.379612982429494,0.2918158735950508,0.38685070739324917,0.35925433458390793,0.39469462178018977,0.3913861186965924
evil,0.3588963428069341,0.41828373349773995,0.41736943148659006,0.418317435652476,0.3441445352105883,0.441931561858208,0.4363343079996483,0.4609290920145216,0.4083177816612646,0.378950922323124,0.30127105055308234,0.3681093136129294,0.35388340941782,0.30383121601418545,0.47208031118622445,0.4120148331421298,0.35612273036583614,0.4581079969820844,0.35555653416627087,0.31746246441239695,0.3003709783405988,0.3131138379399685,0.29075208380422735,0.3181756020066113,0.4357941747997455,0.3806048742902139,0.28954509730261435,0.3058558916833717,0.3308055219407768,0.30160088230743226,0.38571367158613273,0.3444541456720966,0.295154483936879,0.2996484041430583,0.29989315668011907,0.3490686446985537,0.33914433374659664,0.38987416514145695,0.3276125049074082,0.2866486592309228,0.32378618693971106,0.3853254227635737,0.3240117666954109,0.2709193393598778,0.279518032225551,0.363541698028394,0.34007121789551464,0.3140476123071881,0.3334351887343133,0.3685742535609322,0.34639029701484286,0.34053286252172105,0.36944406872783053,0.29669265027903136,0.2562848152620133,0.3021383193349561,0.3507601932915936,0.30930459573067093,0.30865017477937445,0.3717295241809965,0.3249602202233599,0.33756647375553295,0.3912507109282307,0.3761678732786999,0.3315974476833963,0.35045672411161494,0.27705073492416493,0.2943436849876073,0.3047679861284927,0.3181424990012928,0.34471852035258144
fish,0.3608426796897784,0.32835470124837274,0.2884013210645507,0.2817255982544381,0.3638447178463095,0.4517248088750805,0.40272831674513276,0.2953631377215336,0.28945597382675686,0.271273586452992,0.38246029024894806,0.44291476605237373,0.3886071139107366,0.3418911342512602,0.34378399704859,0.3292267632255868,0.30820560591156765,0.29156512956381475,0.2919869307537554,0.24069210145816491,0.43763596010923095,0.3877957158120474,0.44539794081332434,0.486535839395602,0.3393958267146046,0.3036355937293621,0.2999046903064065,0.3035762779370267,0.31583891927824664,0.2701696536511941,0.3801318458250744,0.32386871977197573,0.3265741789668297,0.2829265932618758,0.23563003781681335,0.39165992998040333,0.39670297062774834,0.37173791227284186,0.36945754958972493,0.33337482443049726,0.3778412976018595,0.4289752552788434,0.42645343538046215,0.30049919631595007,0.29303424393559685,0.33270153027254856,0.3704048048188389,0.41875286749166546,0.31009367551355715,0.2797156017459813,0.3176766603291637,0.3717070560778391,0.3816565313053324,0.28734112617023244,0.2681660979989757,0.32736790215770184,0.4171324678919572,0.34037139175369685,0.33182527424941183,0.38649780838632436,0.37993053162078455,0.32089439227600536,0.28487862206418657,0.3571054851979387,0.32695418948489774,0.3580266774273902,0.2839059029848276,0.3157611796413222,0.3018006986381783,0.31226154789353294,0.34769000188881855
frog,0.2918203672156823,0.31298621911403474,0.35451985588659063,0.31513926254592667,0.28152727979723585,0.39895592222501325,0.4385841140624712,0.3297579091842266,0.33179112273261263,0.2533226205417479,0.30371767719956366,0.3338599856713417,0.3236957153776641,0.26262771057068834,0.38856951728478667,0.37791049935958415,0.3833903199323081,0.30585828828104183,0.2596951737465907,0.19625273979794586,0.42943570160621475,0.4852536596420891,0.4703409804271366,0.5233615098325662,0.35179507412302125,0.33857918605851206,0.26911470131427917,0.2956001013161665,0.31148475067370607,0.2753151488489366,0.34386143711080563,0.2848308398981386,0.2815401615097127,0.19769743883096363,0.17165780599571817,0.5781492304449988,0.5771841505207133,0.6090484144184708,0.6112255736144183,0.5725458353049094,0.6020641296583306,0.6366344519003596,0.5834245912789908,0.39905373336742495,0.3540886180933238,0.3646331984797782,0.38398752211423054,0.37957613474031593,0.22567711748016928,0.21388540758112745,0.5441039128800798,0.5699107761666151,0.5931320101418022,0.5982649232017766,0.51551774523298,0.5393713814183694,0.5659035150748241,0.335130182436504,0.29577685039433765,0.38896420696358414,0.3296740282657725,0.27635347478951505,0.1773711450539242,0.5443312900840322,0.5542123124905728,0.5471069995480915,0.5071211155083686,0.45303904312243126,0.2431602974836773,0.24239623218897294,0.26035453768058175
greed,0.7971223153050772,0.6945898754832702,0.7161403813076765,0.6747421523034823,0.7249496751936114,0.7889993470769222,0.7922377496786687,0.656028319396369,0.6892763188739106,0.6211277160379267,0.6740387508873028,0.5897324363467403,0.6512219427689481,0.572832827875906,0.6842494552608389,0.6814553219521906,0.597121146963713,0.625133479256174,0.6503870280556209,0.6118668132785291,0.787776183541036,0.8761057864203085,0.7404769319235947,0.7756023661009648,0.5452860346808653,0.5775259652634138,0.5331543074873756,0.530201848945145,0.45195862693527133,0.43571119260541774,0.6048160229330432,0.626649177495169,0.6299308686423319,0.6781659916499542,0.6482795199794612,0.987632357723358,0.9441922275042236,0.9220905042156902,0.9370524634702345,0.82896590854793,0.8729569566564827,0.7166038233821356,0.814811902282924,0.6348689083542549,0.5194417245557345,0.6973201993789516,0.7307293700498088,0.666901083876275,0.8763109950958122,0.8550672537731809,0.924788474042825,0.9271697934027957,0.9638706909735594,0.7288582264188644,0.7021008125814188,0.7600226837969477,0.7246572902778571,0.6001559885508537,0.578717373880171,0.693352631936072,0.647429326955987,0.7887081604600029,1.0,0.9832175252402926,0.8609862508689539,0.8844360603469285,0.6624242394284954,0.66198416418132,0.6172049350140074,0.6284971040861841,0.6658903188089029
hurricane,0.37401797538125003,0.3916242805900603,0.39664065908832524,0.4046054518702524,0.3720578580618026,0.4276945733988743,0.4022072065392366,0.42570449860855036,0.38580249548728146,0.3807152675703937,0.3462695684072107,0.39565385999765434,0.3843196006788962,0.3195347724602768,0.4222586405209844,0.37505914728156176,0.3247376362147477,0.4161673879676717,0.3584958114213157,0.36095142530906,0.3865246203227588,0.39153680477510105,0.3628387459742776,0.394388756002541,0.39924710884193254,0.36300396142616137,0.3243496869668974,0.34109291743975667,0.31755832831920167,0.30124094329485146,0.3333429197240138,0.31641575037997305,0.3273872247264171,0.33774816581639877,0.360075468860632,0.41329821119447774,0.40956071712792935,0.4338797426233847,0.3987652429228845,0.3288683220865498,0.36947612322166834,0.38228533861902947,0.3906120176491444,0.3036952090964063,0.3010436733491299,0.3304421378190452,0.3535047469859414,0.35259463902071425,0.33956688387330924,0.3750982417810555,0.37592162286809533,0.3904065093989318,0.4236676901636592,0.2945562332434759,0.26908099915954314,0.33234413764499227,0.37998760060280423,0.3476074690565539,0.3469485544846259,0.4205199089113141,0.3624849482432265,0.3645443745786294,0.38135650723450454,0.4216487064139395,0.3638802174492981,0.3963779320687386,0.3014151459879981,0.3533095740631812,0.352505215970148,0.3576516098920168,0.3615564164334103
justice,0.3037332550844194,0.3179062843434318,0.3114092578470974,0.30624518901741143,0.31382727510889163,0.3674885948163689,0.3228259002107658,0.33832634500431463,0.29005931729020895,0.2804949453508327,0.30077420589859605,0.39713555650720456,0.330927448847244,0.2809811551031578,0.3512038634352741,0.2922197003024656,0.2491604793255255,0.3207327717206268,0.2709573853478909,0.2657852280010683,0.29856589093293706,0.2964532900867284,0.28506645540658204,0.32409474888973866,0.3651568550706989,0.36228453276306294,0.2731719913824339,0.28863618763622223,0.3194830958230149,0.2930845724866693,0.28784426189360274,0.22625155198422559,0.25903566002524514,0.25764638231334885,0.2636507582011198,0.3208114100816776,0.31889952429034124,0.2873821679053332,0.288924827868117,0.23819409774913045,0.2967432784048126,0.3296942495586141,0.3218355062235897,0.2839644698403911,0.28183194727604954,0.2756225125001292,0.29981032427314563,0.2919572728575877,0.30180998545415,0.2938535807640683,0.2753268322625784,0.3024697987502043,0.33748274262443323,0.22504681229292833,0.2191198764673731,0.27307837428594495,0.2970969263485093,0.2879762245528136,0.2963009563473215,0.3571559635363656,0.3161173739700434,0.3381798529717287,0.3323845802306755,0.3214306310046942,0.2890413624298265,0.31606195264892195,0.24477979835925928,0.27758517620460116,0.27540577019833795,0.2965245888674144,0.3210374391994405
lightning,0.40941961744010114,0.4688926864976137,0.4404354857626371,0.4301355081258891,0.40029337351229327,0.5155529452612598,0.47473199672085525,0.4595682738999579,0.41708183976617597,0.389549426157156,0.3153867112553663,0.4416751259075054,0.43921531797383845,0.31830082423487494,0.45536359307509094,0.4011255920532416,0.3423887278425184,0.43445387755273224,0.36155506834722084,0.3095481499688967,0.33367095403011116,0.3378614050563118,0.2921316253380888,0.3278587553180128,0.5543923568905403,0.36598622765191396,0.3288847986955319,0.33997445526458364,0.29939885841065733,0.29107023214493544,0.35063841617248076,0.31770691737474893,0.263280633648441,0.27979334138290574,0.2829014289863395,0.4001967606687167,0.3827577679347514,0.45333771910706966,0.3508566563478158,0.28281979487820114,0.3397211648483231,0.3928311173043189,0.3629648669266676,0.2636693318330632,0.2758982710195471,0.3406735128474861,0.35029794951596965,0.3249850849241874,0.2977339719666975,0.3469680268406956,0.39882365999109365,0.383245325773266,0.41790312383025435,0.2825988585304872,0.23227240448097858,0.3030631064609128,0.3824039702037003,0.34018805203193286,0.34445354652267907,0.3924129110108834,0.3409792288377804,0.3385661545586808,0.3494285837111345,0.4238971643905729,0.3456382147084891,0.41068532058463203,0.2677236261541303,0.34873401974886353,0.32993465826239776,0.35006892465111905,0.3362267756579372
lion,0.4098315326646526,0.34663070571862653,0.3615505747265894,0.3436812429234837,0.4194137292992004,0.41981485983423633,0.43674981812070496,0.3633336433931569,0.3675597438097006,0.3202014759746326,0.3582208018386697,0.4143401320315614,0.3980559997998841,0.3326299319171538,0.42027800233398654,0.4136565025461603,0.34837917350633174,0.36383123698441505,0.3417275664602747,0.27907106676007404,0.23212411500014005,0.3650130592104918,0.32855661460208013,0.3299415484806994,0.35608723076284754,0.3121712261188404,0.2626669548575365,0.28645947780233794,0.2696075017101971,0.2388954021423486,0.4018820181928725,0.36775656439335896,0.3019119906424844,0.31819372627649156,0.2684533901446811,0.35632134839774715,0.29133999917017805,0.3400104042296354,0.39920352072180726,0.31232625603062614,0.32899803793544496,0.4179461128009621,0.4983855170007898,0.4530421886568733,0.4131346434034922,0.35902710716730996,0.4279457667921735,0.37157194788418624,0.37943997803518237,0.338190937235953,0.28877429157696277,0.33520702334930214,0.3201658265842896,0.29876735492458134,0.3006377496187537,0.32591136992368785,0.48004705120375857,0.45579662831661033,0.42328857836971745,0.4704810316034841,0.4123837593959735,0.3795626538784215,0.3500466063353161,0.2904501124977925,0.31098580899625844,0.3153303912101186,0.2980561645659739,0.31534926441677075,0.3919861668382481,0.412870118935653,0.4551703673879377
love,0.3546378883218439,0.3698299209527195,0.3815028494797361,0.40124602108616503,0.34330557623869273,0.39065246023482764,0.34375613660067483,0.40593766060012904,0.37658832638245116,0.4391714302790044,0.35533934250241644,0.36471393386379025,0.3253932554648793,0.3001558836997057,0.383146615906728,0.3435671049594443,0.3725940967904914,0.42122196224130415,0.4274685442811113,0.44297048694820396,0.3192229151884527,0.3517404017386717,0.3417994643903782,0.3604295661663919,0.3489702344067245,0.3411046008533985,0.32740504942158866,0.29793543595834177,0.3632878084627159,0.28515632781921146,0.34982926488410726,0.3160420309307891,0.4224681930297653,0.41930558282933633,0.4370708124211463,0.37125424890554126,0.3384559110658554,0.3738075241483428,0.32698729249021624,0.27930473503291053,0.3306338656326546,0.36217728501732516,0.339312544945568,0.32173290188583775,0.33836349226820145,0.3456551406795343,0.33254560163663655,0.38131846124649144,0.35472221860236114,0.41618910713405716,0.34587712553872896,0.3464750766574233,0.36014272338274966,0.2781280055768828,0.2509902816466603,0.3286277635954118,0.333704206822784,0.3183719732282066,0.34486546174723054,0.34536275576377995,0.34521536500706773,0.3346210552189584,0.3956475689287703,0.368136574911427,0.33906569538554593,0.3599355674716389,0.30190824595862487,0.3359850188679641,0.3025813903292191,0.3272163173550669,0.3389221991000476
peace,0.3926507733296426,0.37666621580673,0.39092956684043495,0.367425534340174,0.3726042823305894,0.43541341534490563,0.4169787860663609,0.38057476703198306,0.37248909585506934,0.3749178978063792,0.3827802360379088,0.37033784987143004,0.36755884508557424,0.3677090818020198,0.41064832310809957,0.40340850112138305,0.38767318975616266,0.38648163135205105,0.388415685671836,0.3580849447082449,0.35449484139840876,0.38945446097447756,0.37976921064011476,0.3976424369144344,0.360362611218983,0.31751518956113955,0.2978084162818255,0.28260604832349756,0.3520455185795485,0.2401762338096721,0.36936258440704656,0.3426793153100201,0.36580558410252884,0.3566306592845467,0.34580238164889215,0.41672384798920215,0.3916242805900603,0.39810468069005833,0.39707878709989364,0.33990779989188347,0.3867861490435104,0.3764211636949604,0.3497263609716466,0.30717192337897503,0.3117536189748224,0.3118103883821333,0.3378620042057293,0.3624151473360843,0.3086013441018458,0.36125789023612626,0.3850204557100512,0.3974063720439278,0.4116610354110787,0.32237114580286097,0.29976329104386956,0.36018017022134524,0.376852701062936,0.34838471563844386,0.3506229880749794,0.38603945908191434,0.3635082954483667,0.3317992112497493,0.3573256726088808,0.40620832634949794,0.3740407430591161,0.38190083448033,0.32741613368581296,0.34766438825121915,0.3540664495648752,0.3653842322746513,0.3817648275625508
plane,0.43800084210450635,0.39089856085807784,0.39491181344404414,0.3935867945071779,0.42217670683813724,0.48292506543086106,0.4975149528971196,0.41093157099523664,0.4002208764327722,0.3500319271745866,0.42394599506810154,0.427410426787611,0.4326128411800188,0.44949717134070616,0.46280997182350075,0.44841241132026916,0.3958701529373824,0.40167096781054773,0.3624570877953114,0.3001498922055304,0.4338027519232322,0.4375970153970915,0.440576885025174,0.47467088348026726,0.4498046847792531,0.3661502448049626,0.33639558600632613,0.3720803261649599,0.37485348924399475,0.2995866917530528,0.42581623997491963,0.4044400866310143,0.3508491669800967,0.32901406518236387,0.2933070067079271,0.46277357349638587,0.47461666045798084,0.4321801055132082,0.4319380491485263,0.39008356786288345,0.41187583047726295,0.43703051962281747,0.45030812007733223,0.37597374886742035,0.3435113840636141,0.3619918482725998,0.41486978011665737,0.43440294985224226,0.341252890334237,0.3447791842311063,0.3906031801952358,0.4048786640046458,0.4490437650189908,0.31394680541768877,0.27653846217217726,0.3181706590239167,0.4192377291578011,0.38746873001743076,0.37829335583738544,0.41793532811144657,0.4215173429041461,0.34411922114769766,0.33057245281735786,0.421292811659927,0.341790776723824,0.3759894765396305,0.2649360834890747,0.2996864501310714,0.33650403205089896,0.36159850667999177,0.3866019105976201
sandstorm,0.36407074696407243,0.30805357174686954,0.3778621180441187,0.3745925596726607,0.33358917013461836,0.318309062539366,0.3997466496687977,0.38715237912497524,0.36816353663521584,0.3096733721971603,0.3568017164432513,0.33783054886130903,0.4147120540324928,0.28202951679647986,0.40513135527148886,0.3878213294496468,0.3175142908370132,0.39145801662669594,0.30482415638638605,0.25222947242946553,0.29908056028259483,0.3286978640772627,0.31484148528541456,0.3306828460975376,0.3790987624418994,0.3584901195018492,0.2841851066133963,0.32503661177409493,0.31025349862068313,0.2754288374509128,0.2738419902185862,0.362948989467103,0.27174526683194206,0.2822974863734699,0.25527345104522364,0.40876774287382917,0.3675261914423189,0.34140013130359487,0.36514592059382894,0.3068449375843584,0.35031158016521846,0.46404242217535874,0.5589975691010257,0.496382560497989,0.43558626995186284,0.4018242002740809,0.4917090452539053,0.43341704948569765,0.4042949426846178,0.3697707549477384,0.3835312698327819,0.4014784910601664,0.3958875282704908,0.25532018469979095,0.22850330528265547,0.30028005741648867,0.5511792683516845,0.46355037071621275,0.40638492564031475,0.5106131081010843,0.41985290582224943,0.4100777830752572,0.40643585334080473,0.4033058967836311,0.3297555125865565,0.36399974775809524,0.25514508328251795,0.31162914568333067,0.40746189671832383,0.3920733430784986,0.4432140411864297
train,0.3608873163213843,0.370299054946645,0.35258160752088297,0.3640619095101639,0.35242118526433946,0.4511145751933268,0.42546783458862625,0.39526036861769187,0.3603870265577473,0.33799456601435773,0.31689192437955455,0.39363802178237667,0.3805394172163488,0.3053978419536705,0.4580900224995585,0.404892444441249,0.3224321092560946,0.38309538863152925,0.3361920249917205,0.30035914513960255,0.3208569454374098,0.4105437715347407,0.3625766181041085,0.36381026675480155,0.4122389150242858,0.37120047524531796,0.282816199981696,0.3449556337345687,0.299754453589961,0.29143571328962836,0.4578972461744684,0.37277533948929403,0.31988138039831754,0.31549096325401643,0.29459158305911015,0.3780697233172926,0.3422609592292302,0.39219946403088857,0.38915623435190233,0.29278604628938526,0.29803714157196737,0.40026865859882016,0.3971038015880755,0.35386408684910464,0.3219602790897902,0.4023289836583494,0.3996015057224012,0.3272291990675438,0.33658311977401284,0.32881185225394766,0.31651371130973915,0.3147510137233676,0.3261430909609173,0.2670095898357896,0.22086145403677668,0.22065924110836052,0.40261897197643365,0.36690786924342855,0.34247515514599697,0.42229354097455546,0.33192503262743045,0.34054529487213475,0.3689442283262566,0.3201658265842896,0.26212592293350745,0.28168515566875485,0.23338337728843248,0.22706759349090064,0.34848177784408363,0.3391918163379358,0.34528351825331166
truck,0.3018069897070624,0.30407746642479005,0.26939240706930406,0.27095618704905583,0.2774082773390756,0.3796730471586013,0.33765424914520104,0.31341640839582086,0.26804132513277523,0.2382658458918796,0.24739987876211536,0.33101627274839274,0.2893452809718683,0.24682364680980645,0.3322130737099077,0.28824329540567734,0.2285362585006196,0.27723197762296753,0.2490860350103975,0.2144740718838501,0.25723147134170976,0.2946744154660836,0.2612074268764349,0.27507983291520194,0.35637122758675643,0.3164476550864565,0.2610399646142354,0.2621211297381672,0.2742128637080369,0.2406962955040876,0.35731234153434077,0.24475972685377204,0.23792762604568424,0.23761127515322872,0.22667784679479777,0.28976198939176,0.28284540851580053,0.27923822944756477,0.27179978942893723,0.21926037700578374,0.24325376479281188,0.336800611012576,0.33346978961317564,0.276718955934208,0.24805250226515926,0.3527336416855811,0.3206819938074912,0.25919458440824483,0.2364182188755733,0.2619295517119122,0.21946738312954014,0.2517483554471894,0.3050690587108012,0.24458807054564988,0.19746481906960783,0.21602841526027575,0.32469674426700135,0.2831980079480166,0.2873860623765471,0.39920546795741424,0.31008888231821696,0.29010440328387804,0.2874978037429164,0.29286333656424657,0.2579949374869966,0.29593247945554096,0.22815849479286732,0.2346791876911942,0.2905679951456914,0.2932162355711714,0.31996930557534
apple,0.4560761315198878,0.3303769803198889,0.3489750276020647,0.3406083553483297,0.36798858500529724,0.40474520347189114,0.4005411217964417,0.31742381927496627,0.3366043895783351,0.33226295289891705,0.38247781536941083,0.4390466574128039,0.39479632739381537,0.35216939272162273,0.33318519363984916,0.35099820539770715,0.35629723263369156,0.35768066863876696,0.35552432988507865,0.3044159858456942,0.41345788451424936,0.4604836244225885,0.4322909481554511,0.4602574455174711,0.39385341599797846,0.3630175920754101,0.29971266291808835,0.32750780354669495,0.32019428618162227,0.30398999060983073,0.2919556251966895,0.3884835393433712,0.3833362466973761,0.36204547214546867,0.3168522307306432,0.5152144258403557,0.518763038053028,0.48178113940544304,0.4859588585065212,0.4839460160383312,0.5277453363332745,0.40950604474357977,0.43536817956388213,0.38161279339785276,0.3891554854151304,0.4397374766912153,0.45493609996568374,0.4145649628504893,0.4082842292938829,0.39187951824192785,0.4332467412637649,0.4757953371496155,0.5342769637084712,0.490616346503686,0.4739626888687475,0.4930151909841194,0.45473059171547114,0.40307732128084367,0.40038938720645234,0.41918590273318485,0.3456767100585654,0.3538178025566005,0.4254831128987733,0.5152977076093923,0.485529418161507,0.5129509891282841,0.4482945286723703,0.42279173371523115,0.3284724341089173,0.3535192763593165,0.3098604566027839
banana,0.18345670568777037,0.1652695251186653,0.1379911508626778,0.09383653496313958,0.22481194572125682,0.27349957632646815,0.23421514646731767,0.19669670951633514,0.17730209308355394,0.15082403266203134,0.2487022798084699,0.33885239819290547,0.21719960258419135,0.1797900610398448,0.25298125516111053,0.23842177452779162,0.20922552298629252,0.2589496820838297,0.2302676505299252,0.12043787037731885,0.20532116580696214,0.22672622811026327,0.2577683092198161,0.29766297276072023,0.37445355700779387,0.3467394513379081,0.22708631691019843,0.2040884158803954,0.28044701339743033,0.16044217826163087,0.1722702864877876,0.18356095768642047,0.180525067587799,0.1752017748004046,0.10656366689029918,0.2279132928937434,0.2491463993142136,0.19784872405888979,0.26674970877593623,0.2375688853319385,0.27933948569912725,0.383686449531922,0.33098122250746725,0.37270314198448173,0.48672666848508517,0.23122209555204953,0.27411789852535845,0.23716640671071312,0.22125284839377776,0.18063501150591563,0.16976554234780594,0.22602147860789432,0.2996431615856549,0.22390947691110316,0.2686614447799182,0.3706748714187903,0.526851555189675,0.5946402190130781,0.6137387058462453,0.2376716394570448,0.2175701764989333,0.17479510213325652,0.1386954510029836,0.21926831573556602,0.23898587370439556,0.3475307779311101,0.38852128575667555,0.47807914494188325,0.5741337310487167,0.6087485401349974,0.4005191030553475
carrot,0.3410264118544109,0.28806909271253067,0.31266702226184595,0.30797103891460487,0.2818698434767083,0.3704383571862206,0.38892571161350786,0.28399098220211677,0.30194973705578876,0.3005609087059556,0.2858261768680093,0.3567486917198,0.3356842458603643,0.28808047655146374,0.3147842665160405,0.32731427828483295,0.3526797182380034,0.305671503450127,0.3076064564940382,0.24407100459832198,0.34786450415667397,0.40252280849492017,0.4182280126019097,0.4526587330296544,0.3458616974412276,0.30770786253295507,0.2620153798659733,0.24877013348000512,0.31398275438274054,0.21702749691400602,0.2555733253286971,0.29863733950097743,0.31691663929302766,0.27065346680584906,0.21721727749200848,0.4376873371717841,0.42111111959906117,0.43680688710272464,0.44220102930874183,0.4155171610622979,0.4432699118696143,0.40390309896555354,0.382450853645622,0.31598675939702203,0.34088171727007754,0.4986612755202077,0.5353796982114342,0.6322832790429067,0.3282014687848396,0.28148234359092117,0.3873451554500653,0.4261116206377616,0.41736583659008486,0.3478405381799728,0.3318129916863525,0.36170710251191895,0.3724362209189724,0.3182106522475368,0.3195328252246698,0.6615027476243351,0.6890905825544765,0.6163638790191505,0.2768739858459937,0.3961283863363376,0.37759489740390056,0.3749911438226721,0.29010200668620795,0.2914464979791439,0.23438260872951713,0.26520045816955956,0.5722846061588666
celery,0.35614220272190583,0.3060636467439,0.34099001352729597,0.31849854354265966,0.3357733693362218,0.41661660024346436,0.37437641652028697,0.2743595055279772,0.30425586316385944,0.31133211735959043,0.3374875358197735,0.43146726749370257,0.37484255476712486,0.340646850698406,0.28961864289361605,0.31184049564036415,0.3495663880771662,0.28769402517715725,0.3095351184690654,0.2699362849530664,0.4344757465064721,0.43240253973446596,0.44031355885616985,0.5129813959612236,0.3264763678244181,0.31164457378083205,0.20351787584755301,0.20702409823893508,0.28310004701825053,0.2399845059960627,0.2775727438541874,0.308793371490164,0.3797193314511054,0.31274476189877043,0.2773843113623744,0.6035065818810326,0.6403499272258139,0.5811693928714101,0.6098690993331317,0.6509732957606733,0.7098750758485716,0.49428418945044666,0.449377641031909,0.30208559418621356,0.3274690086219099,0.3545141639671241,0.3663943981926059,0.49924589556436205,0.3387782534524862,0.35738543776327936,0.589135234164818,0.6756103198094825,0.7402136057545905,0.681121296151918,0.6683995565695161,0.6985047177774073,0.4925851514896877,0.3248967103851018,0.35233505753556965,0.3560941209811491,0.3942063150049033,0.3498112904015814,0.36831946527112785,0.7081288548711822,0.7222708781478374,0.7424694033115887,0.6633822793471249,0.6323614680418943,0.28012841569465907,0.32272748991893657,0.2724035822544525
cherry,0.425762316527342,0.43894195605209063,0.3906696857805816,0.42111711109323646,0.3742498462058339,0.5317785106373737,0.4813148513712508,0.44970956980922033,0.44546819108252966,0.4829052935000826,0.34384600901330425,0.4490292356456157,0.431991223659332,0.391462360459973,0.47132598206955495,0.4735392400179086,0.4998600237173297,0.5407745893542233,0.5254577838571473,0.4631179346241109,0.3383230496825182,0.46825129704614843,0.4222536975382898,0.4342025343720787,0.41371342174082565,0.323856287421562,0.2666038158927678,0.2910660380990127,0.31934049826164285,0.2399166523245275,0.5702976769029847,0.6115592998399821,0.5383625635866043,0.5414696026785574,0.48046390941100464,0.4510100236199679,0.42536268386584986,0.5478325694927196,0.518682752031079,0.44952787774835457,0.4694871925071572,0.4770468104954801,0.4428600936680242,0.34382803453077837,0.3447716948633872,0.5837115838499873,0.5629447654637094,0.4721728797712328,0.49420495193997843,0.5473330286658545,0.40771458798516685,0.4090781022721094,0.4476745588125817,0.4186718325329446,0.3609634082974106,0.4171120968117612,0.4540620907528627,0.3719895550282042,0.3830372711380289,0.45114063819298933,0.3351432139363353,0.3862943971590731,0.48492322873832167,0.4167837629309551,0.37751940457729183,0.4334899959272818,0.3276126546947626,0.3724899945791956,0.3232348196882296,0.35333398940194555,0.293328126724895
comfort,0.45117793524423055,0.4616462738673043,0.46480738619418943,0.4225173232820027,0.3837773704560321,0.5115606629049071,0.49617735182248524,0.452489323531848,0.43433434724393516,0.3969426303947601,0.3916552865724175,0.4133973704230789,0.38570168859778214,0.3898337225557737,0.482209681026331,0.4489630296349787,0.4541233537808051,0.4282511832077591,0.41379460648690086,0.36157484027799935,0.4028053074452853,0.4245638679049288,0.4363119896838453,0.4772445298032648,0.40059504524401934,0.37523305039999966,0.3044756012127383,0.292061974218301,0.3313950849676257,0.2657846288516508,0.4728917092849137,0.4465501051432334,0.4718662650568121,0.3999286413043722,0.3567665164149715,0.4326797961274277,0.44568133848781577,0.42261738123473014,0.4095319579558879,0.40712262836064783,0.4584889062242787,0.39936409276570517,0.43236134821201083,0.39055614696595975,0.38974070460870225,0.4272393696289063,0.43942921431589643,0.46011829306524993,0.37533161047918323,0.3817326232813586,0.3608025366788039,0.36965916336872356,0.4276951725482918,0.3229596603182292,0.3228955513305536,0.3831391265390089,0.4216141055350771,0.4006605023178844,0.4179709775017896,0.4551622788708011,0.4000579077912042,0.3812236458511674,0.3971283667141942,0.3930676315368887,0.3389909514957091,0.3901640036721868,0.31079497990677535,0.3470652388336897,0.3685300662913894,0.39653445985406816,0.38110681171474914
corn,0.27128901455049337,0.25446789465335534,0.2734345686146662,0.2707002004604164,0.2476073342479349,0.3311644124418769,0.3093830843043673,0.28641918500400904,0.2640927806839021,0.24530000984102918,0.23151253323219692,0.31716468715188484,0.2938111909427781,0.2658427463451511,0.29353288603833566,0.27067159107572936,0.26498176863216133,0.2738986098385427,0.24229108146619652,0.20320721687456403,0.301438213240573,0.34713503974083193,0.31662874799790475,0.35897767734036373,0.32613545180584386,0.29055316619760757,0.23720310461253682,0.25008212091704013,0.33191814240912887,0.27212872245916087,0.203356854441592,0.2277706953323714,0.27245121463314603,0.22153340010853592,0.19076168517364323,0.40201143446705884,0.4035545437919058,0.4294138326524749,0.41354805650158755,0.3828895808066079,0.42144080156605673,0.41795689749047765,0.39712297436943644,0.38816119695674034,0.44204315343722284,0.29931033408421737,0.3377171598340416,0.3589444245476909,0.3082956281115514,0.2695700548716015,0.3731731747025335,0.4051258131393767,0.4575341616274456,0.3514749785467062,0.3420515565078037,0.4157496310362993,0.5178689573347197,0.48818365008116227,0.4980317192697387,0.3732043304722451,0.37459645414387466,0.2859292305678244,0.3227493588726764,0.44460856145572936,0.391740515577061,0.4592038412667457,0.36949035302033467,0.4097076585225784,0.44737034069583115,0.48144681403046163,0.4621053721084862
driving,0.24017728232115276,0.26485310129474693,0.24251576249777004,0.29395229063060624,0.21459000729614203,0.32142658674612584,0.25210320168972117,0.32427074903113795,0.2813947179886075,0.30348251105318336,0.23046192472855911,0.2664994141067633,0.17615337386279567,0.1919077082220226,0.322364105797205,0.2658163837707798,0.20372053813803234,0.3162878319793305,0.29521005504535486,0.2855730362391032,0.2288782230306745,0.24484615415725067,0.2280864470754094,0.22347389528455927,0.3477249023423896,0.28397180942075584,0.2471050972486909,0.246985267365185,0.22653719646903273,0.22751440916902319,0.2872845065502759,0.20227509016824266,0.22512829661371234,0.27003334715870614,0.28432470842768065,0.25120986990818484,0.2231910967594854,0.21800755557372975,0.2160932731847233,0.1531312072815827,0.16554123937951487,0.26393790055947075,0.2639127362839345,0.23479242693110725,0.20787773637156012,0.251464957772698,0.2759331714731182,0.2502817874604318,0.2033033803560775,0.2731754364915847,0.1873000994138671,0.21359272309066435,0.23048963538911985,0.1487722454817019,0.12829062221816798,0.15520351532946253,0.26468369179694046,0.232844142812656,0.223478089330482,0.2983584354471175,0.23917295811001912,0.24703065293356286,0.21785567119638605,0.23658478241364647,0.18330961450576688,0.22411213920158246,0.17171906902366055,0.2205964802068743,0.21161433171398225,0.20781182993563188,0.2397689619931065
eating,0.23149950173236564,0.2401049350289861,0.19500081709001815,0.19084212098294656,0.2366505390622203,0.3412182894553747,0.24535288477712616,0.24618899778928843,0.1974973229255088,0.22135485358211215,0.2466900364896974,0.28811103317175774,0.2508231189591696,0.27437777958521187,0.2894344044477258,0.23174485341884393,0.23878126417830928,0.2647224867217255,0.24168743842803564,0.22723265915543,0.3007724084503435,0.29451923576694344,0.3079367376104513,0.3576185068866983,0.33362931314559285,0.2885025773161132,0.24964983461229265,0.27431546804578877,0.315813605215356,0.26823754656701615,0.31613519866521494,0.25649541628227485,0.3236645596079526,0.26351265426037923,0.2397551815565033,0.3126713660951231,0.30890421413240693,0.3002030667163362,0.30545940455632165,0.27042024789507574,0.29727846862202073,0.3349953738175599,0.27472154156351936,0.2654323289941435,0.3148223125040536,0.37554116298796414,0.3066001850472976,0.3182537910055989,0.22655502116420423,0.25649152181106094,0.23853711079066603,0.26293387592304585,0.2873592504401127,0.2550955036682174,0.2219029255117972,0.2403890816402494,0.3020852946115048,0.27363273728451404,0.29902513896147337,0.3416179221168668,0.2811168624462282,0.2765829490164288,0.216672950246183,0.26330834430900174,0.23158038690373212,0.2571096942225969,0.23527264518925708,0.22343150546326906,0.2454423078276924,0.2590266727839822,0.2908624770844071
efficiency,0.3116703372057858,0.2792701341540482,0.2608446419041208,0.2404208365593785,0.32525664939768256,0.36971218809217493,0.2936287499451404,0.28417881554451224,0.22577507840993533,0.2233837232972211,0.29687958489730054,0.3636799517564889,0.34125558650661586,0.33202539015486665,0.31406588636442273,0.24564392160669107,0.20780299248172332,0.27794646330337136,0.21829424857001758,0.19987295036601288,0.2627175829833177,0.3479600684887699,0.34008634641830726,0.3558132696916822,0.3726399317209324,0.3850608982957345,0.27166243442496857,0.257042739275188,0.37771907112068354,0.2685483553273595,0.304756752076914,0.2111038564102472,0.2519610534904123,0.22789516862386314,0.20256792444606014,0.38533500915425417,0.3449866397169259,0.39204233709614145,0.3874834091781602,0.36559408435814095,0.38842602099928836,0.4129099623719187,0.3444439601319986,0.3150101458464491,0.3412504937365669,0.3117696462217413,0.33381280265471125,0.3118529279907779,0.28347676221452217,0.2600369884892912,0.3610931241463057,0.3618360694240422,0.34986746065947477,0.32851856861406703,0.308791424254557,0.3027851011311791,0.35659890436541763,0.3291410848588801,0.3276042666029172,0.3709805874090847,0.31517685917187666,0.30612550892125995,0.2704506547280154,0.31591935508755,0.2818634026204698,0.28757254763275314,0.24405422841463117,0.24436084312905185,0.29365765890453616,0.31776263827057916,0.31678767238090444
eggplant,0.2110945695942755,0.5032293404668063,0.5581207139284714,0.5081291844033617,0.1720554914216033,0.5248271790951975,0.5859961405790269,0.6066395341852938,0.5721797550107989,0.3302036763508685,0.05435917899154465,0.26395632440405975,0.2762454781070054,0.23273959123929713,0.6844579592581392,0.6470920058339179,0.5423463080637573,0.5080760098925561,0.35572549430201417,0.13962622962311555,0.11607067027294701,0.33517511864281874,0.24568646121533566,0.237446059701345,0.3725514073944924,0.34471402673195,0.21958301896712332,0.18376466848838047,0.26096821647148627,0.1502211385606424,0.4218121244175706,0.4125597595373728,0.17913623923796582,0.18588086423109432,0.0862787144230693,0.2876075978736786,0.24069314996964558,0.39862054833855115,0.41268528134034516,0.2903206962236062,0.25810143629596244,0.3653824348263987,0.30811783052189956,0.25810503119246764,0.2521285157526118,0.3664168662957632,0.36131421028137406,0.20729955718364423,0.2204735047889264,0.193647638130528,0.303310405382998,0.23623173361936728,0.22793156695097805,0.247698255172045,0.19685503474991728,0.16479784473971526,0.29641943814463795,0.17866470864637019,0.1639335717049291,0.2788059431428173,0.1521493511736064,0.21071351056472679,0.1818521835476266,0.18455644444364558,0.14779593150583772,0.1628828134139369,0.09753568346696612,0.09127786737558026,0.07816608152236677,0.11090240739733837,0.10152407135210498
grape,0.2973789759368113,0.6329526787296414,0.7342161200851212,0.7347053255845339,0.22070237986642263,0.5736917085659343,0.7272078693482797,0.7472464216175506,0.7412866823613856,0.5794282646640696,0.24292198580285498,0.2610299288614918,0.332134435348857,0.36047854663127493,0.7873576776728917,0.7667472372845889,0.6847215850018521,0.7209880992449069,0.5353199330570356,0.3675558493384866,0.3479638131726295,0.4112727865885196,0.3818018250390833,0.41171960226664217,0.356448218286909,0.2864717603653973,0.24049722811011348,0.24485319416290663,0.2839210315076202,0.18330646897132485,0.6430947804948705,0.6481408168893031,0.2898647435168663,0.34511905173819984,0.29188882003663497,0.44561213673009115,0.45458529798172026,0.4825570379011436,0.4823510802888679,0.440739853666742,0.47100378947027854,0.4909040880114545,0.43531725186339215,0.34971347925916973,0.3295876009622939,0.44952623008745635,0.44129646347562684,0.34435888091470945,0.2907742523326759,0.3198696969846757,0.41704708909995925,0.4179631885593617,0.4883905064175643,0.4334552452610651,0.40197054251931247,0.4544542340466357,0.5047405450851699,0.3562283304506757,0.3087890276568869,0.38335751650169836,0.280763813651949,0.267893934376063,0.2570816839873274,0.4519319647861913,0.4058548281931556,0.48374320396049747,0.4169050906880048,0.4299401854157745,0.2686436200847467,0.27112050377681324,0.24139205776519365
leisure,0.41410736248285124,0.4320608747791198,0.41674332034527184,0.4030177059137995,0.3588448159570266,0.5017007605153344,0.4967420501485067,0.41865655422279763,0.41682914849933295,0.40594529975520255,0.3695261521980321,0.4022452525272497,0.40627258512452796,0.36878290734558683,0.44182266645157203,0.4241783152547486,0.4169683009515541,0.42285793972586816,0.41793922258266053,0.37418408955726,0.4167406241728929,0.4374220637671729,0.45481357390979893,0.4931180948965801,0.41310648338086836,0.3751951541993409,0.3076094522411259,0.342716462573907,0.3497278588451904,0.3139595373428113,0.4171654211099213,0.4303085125202007,0.4314468964135066,0.4043124678050805,0.36976251664324744,0.4166228913123484,0.4371680244141405,0.40548964662317144,0.40525657749975247,0.40028019222510763,0.45138733796565705,0.4091793585236719,0.4505786360393467,0.40772072926669656,0.3895098822955991,0.42042539309069876,0.4538431016407557,0.45210961258848875,0.3689368887458919,0.36310162278121866,0.31340697179249477,0.36897598324538566,0.4251415977307815,0.32287233429062434,0.33805792606526147,0.3946350064131456,0.44772788311074185,0.43181207798349075,0.4232327076865328,0.46117294582745605,0.39035123786516474,0.34307550286236144,0.3157864937042128,0.3840640634523199,0.33672691563421986,0.3946034012813709,0.3431695693209136,0.388973943141619,0.38273125557302573,0.4108274687839409,0.377894771687374
mushroom,0.31103703627145723,0.27401169929110136,0.3351243407296831,0.32197915229644236,0.27373354417401335,0.3615649543126101,0.4066889939697109,0.3048602551387922,0.3253436758505787,0.24782752165887698,0.244096468448567,0.33433615967092317,0.33875189087811486,0.24337284573954585,0.3283722263688355,0.34933751299967003,0.3403328964036206,0.26385461879043415,0.25974954655623145,0.17708984440239414,0.3082544365890963,0.33662176491144347,0.3408972951549333,0.36451456689510736,0.2648865038747742,0.2167789996930857,0.19615148354638337,0.2306054210140574,0.22105033589065284,0.20097074188628114,0.19110679523814017,0.2822500037821307,0.2839334638580339,0.23216890141910038,0.17181163760866885,0.3834073956907077,0.3553712472088999,0.39957499336067553,0.3973722205271287,0.31976859052046763,0.33766668149561474,0.42549239971474495,0.45197989673959366,0.35367026201253393,0.3060621488703562,0.393663635419976,0.4090704631170359,0.3722217254274969,0.3413902453382056,0.29158714830490895,0.3114508987316157,0.3287123934506378,0.31209872903931934,0.30409109707403886,0.23783430852390405,0.24604145724522183,0.40904889373800485,0.30198074303814587,0.2676292601208694,0.41084079985848093,0.3027141019252019,0.3102758169364861,0.3192997561012509,0.28091464951781203,0.28100032788451873,0.2777993721213679,0.20743137005550072,0.2126060737873478,0.24908558564833433,0.25221449369402726,0.25731190715101304
peach,0.41013200609754363,0.2812898668405398,0.2761427239818991,0.2913973677269065,0.3197622994515836,0.3828335603360689,0.3702139757293558,0.24534344817380008,0.3241428306304954,0.4209083075212275,0.3146045216907817,0.394818495922264,0.3681367246987814,0.4116318268769741,0.24075186661256348,0.3403670479204198,0.5035440436983636,0.33315718340457967,0.4852145651425953,0.4396902936745849,0.3592182358315018,0.39310088432956153,0.4339288728756221,0.4830240748721078,0.3630897895802224,0.3594120606680726,0.2632626591659151,0.27119419915516935,0.3338180452121146,0.24188336028756777,0.30970887180014894,0.48751350145765565,0.6525412697863479,0.511071756980203,0.4387392937616113,0.43001118462175175,0.4434790150163321,0.3516232680275447,0.3811448577027623,0.4240196904464577,0.48655950579759444,0.4095864805528831,0.4542196670496729,0.4312262596405014,0.45441379146095245,0.43529658120848735,0.5848086264334837,0.7635636568545464,0.36793496113242835,0.39991246427009897,0.2866760703167748,0.34916151285827074,0.3958953172129187,0.25729348330642404,0.27786587770671367,0.38796078147657675,0.4062423280789427,0.42105899359973614,0.4342062790559382,0.562291542811248,0.6218666170570949,0.5131394216200971,0.2940766141347436,0.3373507799652224,0.26786607392814793,0.3469012216806411,0.2436430621268516,0.33303450756134056,0.31221316657806747,0.36186333072253973,0.5482617102630251
reliability,0.38060322662931567,0.38634936911813145,0.3430749037129439,0.3182821008155772,0.4049409755440689,0.42888568244092273,0.35094473131219267,0.3795058844711106,0.3303921088426815,0.3158516512033691,0.40791245708030593,0.44624933213563367,0.3547836314176579,0.3670966013099503,0.4130380305599156,0.35681250113276686,0.3421779770349024,0.40373428861716465,0.338907070577255,0.3121195494815785,0.34370670677372867,0.45432317011155116,0.4473376870525758,0.4429071268973003,0.43502681418324474,0.4406460867828987,0.3576845631099809,0.35149130536833384,0.4088219658961156,0.34690241997947613,0.42483902727492917,0.36886918486171105,0.3643665769889776,0.344632542411166,0.3165448670794507,0.42101585484167403,0.3949020772660093,0.47512473916404574,0.43608086779603333,0.42123709076409677,0.441503769174092,0.46884520390627443,0.43136541209272256,0.4340647300060469,0.4469140884143825,0.4352778577891896,0.44240908394397893,0.3738797216531551,0.3976061883746739,0.3667378605962046,0.42027111211568496,0.37744031685417795,0.3903639697902872,0.3923814556664631,0.36467603766313156,0.38233342035978624,0.45620315119640403,0.44265922882579745,0.44691139224200366,0.45815488042400604,0.3859927254273471,0.4097638287804718,0.4231417867624227,0.3559322008510618,0.3419396653540801,0.3587159988322578,0.3622517293324532,0.36941845509023113,0.40940074423344897,0.42651589670723955,0.38757343137814404
safety,0.268476457397256,0.2670113872840422,0.2519215096288554,0.25104195828392223,0.2809437082645622,0.3374592260097952,0.25966476691365104,0.29155314657546416,0.25300087730453463,0.26260059905954514,0.2715758573341356,0.3130357987283353,0.2796609293616318,0.24335097678580603,0.3057269247712485,0.2760461111383225,0.23686922859961856,0.29262682233167686,0.2819721482397514,0.2599892063232432,0.24476826473297184,0.312081353706211,0.30812142541840476,0.3113691148361229,0.33706992867575547,0.3007634212090805,0.24516280462441495,0.2206865024068581,0.2825886729903892,0.23799577929192822,0.2587804223733776,0.24457893351703255,0.2776644137150694,0.2898807707637852,0.2578497935406001,0.3186679530404661,0.28773416818813174,0.29642003729405547,0.3079430286793354,0.2639943703920729,0.29247329029343494,0.27687039094948857,0.2694599611661305,0.26506759678622244,0.29533183216446773,0.3000994138671036,0.34158002591620806,0.27374612631178147,0.3166164654348454,0.28215728540976803,0.2819044443555706,0.29029238641362787,0.293745733868913,0.23790965156315835,0.24441686359959083,0.2726621152281164,0.3245310794530545,0.3453759370509656,0.3348333039001182,0.36075235791508586,0.29697529901675085,0.3421937047071125,0.3084523056842354,0.26917701285370227,0.2543940494876449,0.2747228896497088,0.25002565108443797,0.3079261027082902,0.33336119378124845,0.33259622976241776,0.3085869645158251
sleeping,0.3099730966932794,0.3487530427428701,0.3052023694562015,0.2917673424922309,0.2611290880900929,0.4236861140082482,0.3577515180573898,0.3473369530945393,0.30148105242392637,0.27969568002784845,0.2872526018437925,0.33446991977838664,0.30786513925505654,0.2926419508544695,0.35975013072691353,0.29779298818432415,0.3075096938631072,0.33095261312278024,0.284708763204317,0.23338757133435517,0.29926614681467456,0.29788420868314297,0.29827260729305644,0.351471383650201,0.441408953778768,0.3142155239314507,0.237491894631786,0.24608864026185226,0.2826692585870469,0.2290410418848881,0.27862410129459714,0.23542318148041133,0.3262773004304439,0.24530899708229212,0.21937106986067229,0.30471556055445886,0.318966029875687,0.3329263610914765,0.2858808492523589,0.24507128455088734,0.30990179791259337,0.3125746034641921,0.27614736738988493,0.22503348121838831,0.2639856827255187,0.263989726984087,0.2697611835357934,0.3531155994392561,0.23122763768416169,0.24804770906981904,0.23796252649925534,0.2585964835021961,0.30713897016101094,0.1857300283652313,0.16882922159556185,0.2445360943336792,0.26311781479422736,0.24759699892048254,0.2954016330716099,0.2965585905968592,0.26436749069183935,0.24225258611612024,0.24027838878536087,0.27225334553800695,0.21765106167029977,0.2693795253568272,0.17705434479940552,0.22336095561935498,0.22150164518940685,0.2544965040380424,0.2369766261327107
speed,0.37356771459397664,0.35807460938079255,0.37806433097253483,0.38363417374524256,0.3335127785838834,0.4082207194556248,0.3795084308561351,0.3676987464745674,0.35612018398081163,0.3667887882966946,0.3413685261718202,0.36784014573710433,0.33520267951602506,0.304792401467257,0.3699212912388927,0.3394916906214093,0.3176110534679442,0.3726242040487222,0.350768581383439,0.334398770785055,0.3746407912007718,0.3829235825360527,0.36596061401431457,0.3904453043237168,0.4243799290337472,0.35369273011569125,0.29880585027465756,0.3039639276101682,0.3562424104619876,0.2949497246234383,0.31202503366096324,0.3067937103091596,0.34361039350486083,0.33224887288760513,0.3222123712072157,0.43924078182408344,0.41817648575200217,0.40922114919554453,0.35086893891087517,0.30968131092694257,0.3599083061731413,0.36143044526837476,0.36183636899875093,0.31061553465622527,0.31936251700273705,0.3134808169582053,0.3438942405414154,0.3563223969092278,0.32300879057046666,0.3499697654225179,0.38244111746758713,0.41048400638034216,0.4175830282539393,0.28846138579365804,0.23951372434123896,0.2838627642267655,0.37517373460766423,0.35148980749479003,0.35521861389478426,0.4000880150494351,0.3728614672180639,0.3536820952135301,0.34616172151205543,0.42627339098049455,0.33263292766424146,0.36955146626092267,0.2508238678959415,0.29738346955744277,0.3361677594403106,0.3506008195465308,0.37336669996439553
working,0.3643583386844866,0.35237654863273354,0.33551783210964553,0.3442853353237077,0.3430581275292531,0.40985100502072236,0.3552569594575061,0.3736414099723328,0.32509083479638134,0.3359688418336908,0.33099635103025987,0.3939509275656814,0.3224189279689089,0.2998748826228844,0.4040774514460546,0.3391136273389483,0.2892892605013293,0.3734501315207865,0.3221337328461649,0.3160342419883612,0.3245511509585417,0.36811590425652224,0.35814081539142956,0.36644427738161517,0.38856786962388845,0.3813160646488213,0.31408311191017674,0.30001448443716877,0.3327512596742035,0.28325687437828884,0.3420457148009828,0.2694371934882644,0.31116225849972085,0.31341910456819977,0.31591695848987983,0.3837853091858144,0.3542969723032697,0.3618468541135577,0.34928688487388876,0.31181188625567713,0.33105342001227955,0.3678886768399242,0.3574128488491313,0.33710497891668095,0.32900747453877105,0.35730020875863583,0.36543965359577274,0.36162082499579473,0.2971634319338551,0.3209974459758204,0.33413274844367197,0.3518777567426403,0.3480090489536529,0.31918876367165355,0.30235805738383503,0.30125951692679487,0.3631143547063411,0.3394392650473755,0.34906085575612583,0.3869131687200266,0.35271386975480257,0.3455967236113252,0.2999719448285242,0.35243406697681634,0.30599354626204905,0.3135044833601977,0.30087755917311987,0.3048520168343012,0.3282150994340884,0.34619018110938804,0.3467518836883219
