concept,0,1,2,3,4,5,6,7,8,9,10,11,12,13,14,15,16,17,18,19,20,21,22,23,24,25,26,27,28,29,30,31,32,33,34,35,36,37,38,39,40,41,42,43,44,45,46,47,48,49,50,51,52,53,54,55,56,57,58,59,60,61,62,63,64,65,66,67,68,69,70
above,0.17090759780978018,0.16925914464375838,0.16928808926052896,0.16911350418173976,0.1955174150403988,0.1860614071558083,0.21783731168946102,0.13848561323259567,0.1388539900336515,0.17324031358777178,0.18895779446922795,0.20375620102229092,0.20903516323616345,0.18970063064323808,0.1528851853573383,0.18792710608202842,0.1864612166964838,0.13820026978406139,0.1703426358230522,0.17450404536163927,0.1537150387516252,0.17993668744284702,0.18216241094608174,0.18013655506472925,0.17069260942409112,0.1930834360374313,0.20251180110945646,0.25698779404793337,0.3145250483065257,0.25476457851598255,0.18975929925565385,0.2039479073191304,0.18854533397051787,0.18197277987246274,0.1756687147399113,0.16486769062091763,0.16030207965794785,0.1749784529012969,0.19810353985477339,0.241341087,0.23349094486989655,0.22953158106824745,0.28667390298842405,0.28833720061617346,0.29900610017550944,0.20339244242890853,0.24609997518474996,0.23863067875203456,0.18753076549081862,0.1430018460370674,0.16036531853112437,0.15635585557706339,0.15180561294050232,0.1730323198458034,0.1676996544352221,0.16306470563378925,0.22515181410052673,0.21021171520140994,0.20026114215174948,0.23108716097543244,0.22145874253163084,0.2104289968830246,0.1433246632443927,0.149865418,0.15100594639345122,0.1510008176239846,0.17235933268702305,0.16910072168022164,0.17919817744424915,0.17396780360940792,0.19230823625558482
angry,0.16532266218614083,0.15825768403776924,0.15836544113375525,0.1515966111525926,0.17076847985343196,0.15783503115739095,0.15976011270687535,0.1560432790834251,0.15925187531042237,0.15781253928486635,0.16917723555117328,0.16659966785839905,0.18044655527824766,0.17353822411982095,0.14712259294968064,0.15179711029936843,0.14826829819632856,0.14805653849392303,0.15112388162377882,0.18154853755894648,0.1411228478319907,0.1585643683084136,0.16999203298404986,0.1675053546792767,0.19100695147683394,0.1995311412271035,0.2017670668552494,0.19510414877852864,0.1638191884941645,0.19075830412253897,0.24367581327579063,0.21891659627309543,0.19115580740968935,0.23906419530244383,0.23401540801589485,0.14330267624112578,0.14280600855698525,0.15194939325994009,0.16137939313054306,0.16796342291694677,0.16573289412470463,0.2257318526952087,0.2650465806441533,0.2616117020813002,0.24309933819750296,0.29643653879252524,0.32453937554020984,0.2740978671011395,0.34617946658178095,0.3153215110818805,0.1604556773136652,0.16996923074045817,0.1677571413662092,0.16639853012426425,0.17670600101602396,0.17577731636942528,0.2502101378596487,0.254736872,0.24940481670460707,0.3061448173104005,0.29417575655769035,0.29972243404851984,0.30395774325643504,0.14254252791488525,0.16384191098483827,0.16030718473091016,0.18285880236255428,0.17913273396912927,0.2394047766428062,0.23592745923094635,0.26177399390851935
apple,0.15856627113829144,0.15405424448293026,0.15400290515962167,0.15178853443496218,0.1729009438267837,0.16571955289484358,0.17051372157130854,0.1510910331101664,0.15128042239088804,0.16057676432071075,0.17817060243893348,0.1722883704272542,0.18481187995082848,0.17586053854725484,0.15321217711743199,0.1539255237556681,0.14753318944246172,0.1550906755458526,0.1617260379194455,0.1749076070549422,0.1588002834945614,0.16298114438107925,0.15882787385372243,0.1572748226909291,0.20842408555103878,0.19429950455609682,0.18852294173140294,0.18816962353792321,0.1885894112224414,0.18322246299630376,0.24296925035904768,0.2468959156695193,0.21138998686166832,0.27854430871862174,0.25427167387539895,0.1677419428915754,0.16292018935534475,0.17974370196612763,0.18353116151681748,0.1817615846452768,0.17709788489939038,0.19590052366914673,0.2146928659191098,0.20253964118599324,0.22572402794202873,0.27881362073676585,0.30410169813273014,0.28485847595626573,0.39125121,0.35367210924704096,0.17571378039136384,0.1734512977912452,0.16864853448166464,0.1913100084903613,0.18287383880526756,0.17533836821908075,0.1974703785337191,0.18692492365272365,0.17839903428686496,0.31090071116234125,0.2836476970515861,0.3079244162861744,0.33255506377682537,0.15311057138563952,0.1612210567686763,0.16025870987267546,0.17533131637594002,0.17019064521655042,0.18067271904139462,0.17294376148167995,0.24969690783800794
banana,0.15382136717045045,0.14624165435687242,0.14624165435687242,0.14624165435687242,0.16800636824590456,0.1544597334708332,0.17255927342629676,0.13871511134995443,0.1534742826970856,0.1385624620111934,0.18408414411106114,0.16313617735952976,0.17022959664480028,0.17304248865210503,0.14788927525087228,0.15593976059652934,0.1631138140203849,0.1442526632365628,0.16230243950089449,0.14374912575467244,0.19139689203488555,0.19880062222276523,0.1638899138354466,0.1621166295725885,0.1441963614933906,0.1516814558533476,0.15245003782260383,0.1650404413214543,0.18537243657314337,0.16460174798523525,0.18262622761655709,0.15906413976812597,0.1575731492034891,0.1532580194672287,0.1488599266955908,0.2320726472668832,0.22650567523797457,0.2168160504149813,0.2393540850622874,0.2464114480347252,0.24000117690238207,0.2445317450802441,0.31704832195553423,0.4364764338510023,0.304385029,0.2342147565150356,0.28563735125421974,0.27552688479730647,0.18410862784333898,0.1445230136459569,0.21769555681020233,0.22158116367096065,0.217430144,0.3261684996395267,0.33124903771717545,0.3227700356024613,0.45687806,0.45767008695872957,0.44340228562831957,0.3233275899428565,0.32515126844313375,0.2514927537983326,0.14450249116234462,0.18218968932574356,0.24254156013370132,0.24106709374069293,0.3023071383786676,0.29581979472671455,0.4214510671883383,0.4099016832903644,0.28166328610657876
beach,0.25699819482097574,0.24967310006952873,0.2501609132603545,0.24901996471144033,0.31246919941568235,0.2606293628608657,0.27118902880687706,0.13839333394154665,0.13999148178421753,0.16869834129420405,0.3459894768521343,0.282871689,0.33772482307086593,0.33909831792461503,0.15802564271514424,0.17407139134271665,0.17255523915424134,0.14516235732209004,0.14925422273450878,0.17009606872765073,0.16559720148068038,0.1922877864571537,0.28783320218927916,0.28527104032665007,0.14130461493988794,0.18499625579215326,0.19549157319279675,0.19722266108174405,0.17953237080132792,0.19583104635522616,0.19058334548652967,0.2156084254654957,0.21413084131631083,0.19321795760784183,0.17423352635571945,0.15828454616970636,0.15747821577455545,0.17195656281938207,0.18905594940163833,0.18985131721105902,0.18398570330837474,0.2109148909015777,0.2776744774358543,0.25960992998972704,0.3010653574505868,0.20700633848624403,0.28020686424888447,0.30673393005294153,0.19654613823654482,0.14972938994805715,0.1578380558071786,0.15752821618092402,0.1552268961079769,0.17441748525625414,0.17427599857860968,0.17023209204250012,0.22714610946294977,0.22586819741203634,0.217196426,0.2751224281649517,0.2735394002356425,0.2376997695888562,0.14709828325102786,0.15318504578259998,0.15419434094230422,0.15400326272332732,0.16335432615698775,0.16191554757566387,0.1692039090214384,0.16633072203840665,0.21907830003694415
bear,0.1399621826416327,0.13989204368766392,0.13989204368766392,0.13988328309465017,0.15045275774216085,0.14150171913869164,0.14191165310364504,0.1369946634041256,0.13719229070627184,0.1436804452448656,0.15318111077644128,0.1841203515288539,0.18625415228395095,0.17189644202883192,0.1536376776741214,0.1557289926768378,0.14890008938843513,0.1382235368892237,0.13864251199195488,0.14375058419883438,0.1765254364216126,0.21156674294760472,0.17218710871850698,0.15711720650332323,0.19771021775296158,0.19270206386530164,0.1867477578689142,0.17438842057205425,0.14301256288173467,0.17029692143884925,0.3572959724034768,0.20492324142184812,0.18088386069999637,0.15650560331237243,0.1442227633691454,0.18078368695151456,0.17482288138925023,0.20804583366352697,0.21557205495647672,0.20137788667740772,0.19084248499946765,0.46209566663426205,0.4848429075972228,0.27543251336426217,0.251301479,0.47087525100544375,0.483525306,0.2856960515984918,0.2312013971206852,0.13952703740013694,0.18132655651045615,0.18008200116286865,0.17516086488365573,0.21314128299281526,0.20272880412171215,0.19081631484011902,0.29894687877425413,0.2589102510111803,0.21952145038990664,0.3005465845900335,0.27156554033210967,0.20046278783423763,0.14044138687435723,0.16873642298173952,0.17223093565215022,0.1713078483298745,0.18023970207388704,0.17696640912548398,0.17774412915530108,0.16862059837127685,0.1897842004930612
below,0.17388798453862048,0.1727560373386492,0.17278789242427187,0.17198514941143953,0.2015615648229227,0.17561810700248334,0.1759094804466547,0.1412832334801905,0.1414924845613651,0.14494709663862443,0.23565931821827538,0.19619388852113223,0.2072931789832938,0.2058301929029677,0.1600535756370723,0.1663629135706482,0.1653091193948923,0.1424058337651824,0.14279800607597087,0.1468336144537405,0.1747648168383803,0.1980391949459016,0.20508325223317547,0.2003550522705334,0.1711248308352614,0.20016607873013165,0.2127481315236343,0.2634476401660652,0.3162273381684082,0.25980741463527196,0.1891751929648964,0.16995741113623392,0.16645947414066076,0.1751226028423093,0.15270634003392594,0.18023874713459279,0.16635012319839992,0.1997048785797331,0.22411425539143817,0.27220064724922327,0.2543562194808999,0.20398411287153786,0.24148914622840248,0.2620298677708988,0.27404793128013655,0.21660675108924504,0.24105369544721605,0.22839847829515803,0.1932128010818642,0.15714115412918955,0.18303743691360366,0.18318037087784952,0.16905875139231347,0.1892890987488933,0.19049564553239623,0.17650261110100243,0.19513584698485517,0.1950092236776128,0.17660862003007025,0.21454665971858974,0.21019626503641542,0.1973849387880417,0.15524014154628013,0.16315210125258225,0.17544145643661144,0.16395430848065848,0.18333761023718562,0.16999972094067212,0.16244615339624455,0.15954153083267464,0.17379832818491533
beside,0.1368662721947915,0.136658022,0.13667785563187707,0.136658022,0.1418501847698809,0.13955555380164839,0.1413863842016484,0.13900690850924408,0.13920524173336452,0.1533161057141816,0.1572751292661789,0.1473410198815927,0.14900405972341565,0.1457823326709324,0.14328909686445904,0.1508918850149681,0.1487427535170275,0.13910209175507668,0.14376819437183827,0.1536830221788044,0.1538204297230572,0.17367273884881396,0.15452178062471952,0.14654111602424635,0.18748979438552202,0.33748004977443574,0.3310354124951795,0.3572957449772076,0.26895908338241514,0.3382460675480085,0.18573008265456795,0.18052056318958964,0.16905748232733622,0.17922121332507132,0.1696389300592943,0.16276193685852128,0.15576393323264945,0.21233121380505016,0.2440241866314042,0.26083546506474736,0.237671354,0.20033060608999256,0.24364584193745498,0.2539612112091571,0.26807249018310136,0.20106026037802258,0.24513201563786846,0.24221203421153914,0.18523480512795162,0.1523242041961123,0.16556408428390626,0.159239929,0.15330656139700571,0.17212234617749456,0.16468969632000355,0.15753033762762778,0.19323802882121596,0.18759497639175646,0.17649745885567236,0.23382929129135674,0.21532904450595028,0.2198228749150256,0.155858627,0.15270177032652726,0.15333967479708435,0.15314204503145687,0.1632299324507431,0.15794430772818177,0.166382091,0.16196788870825002,0.19275968829415027
bird,0.18785622414783007,0.1824448847475539,0.18264319292476972,0.17855827397395746,0.2056574652678175,0.19181608983366696,0.20012832473701017,0.14450994387924568,0.14577432921843153,0.15903965829986574,0.21298509172200933,0.21010436394300136,0.21776059763413988,0.2108727245999094,0.15963004698117933,0.1692809088945523,0.16570958198829555,0.14185450177105768,0.14936870324162896,0.15900577487956205,0.20058559132368503,0.21061257194572808,0.19484087118750343,0.19073149665780167,0.15302755570435753,0.21193668578497063,0.22115305087038814,0.2303222603315892,0.21019120520397327,0.2271310298893601,0.19583521608963872,0.18868788579497373,0.1838451783516698,0.1788333710409476,0.16404077949691576,0.22679890006024592,0.2235924160483176,0.22815259788930664,0.27465122195485553,0.2795428402784817,0.2700253642594289,0.24934106795685196,0.3040710398636961,0.2927773352291565,0.29543082522683267,0.24282240438982447,0.27571311,0.27328773900106856,0.1818247880974334,0.14984728628520602,0.22838994546713975,0.22838405090622116,0.22648638237792326,0.24870803196492078,0.24781016152557625,0.24357355147058965,0.2373895421858427,0.23802094372422175,0.2237703878951857,0.22407742463479394,0.22445819367857453,0.1947804808238228,0.1519253266719548,0.19191390202439504,0.20757595448374377,0.2070837054783087,0.21854020349537476,0.21693580080290528,0.18171875583542893,0.17692307730457565,0.1916096229967474
blizzard,0.28561811507602264,0.2854891774872428,0.2854891774872428,0.2854807699687243,0.33149451005157216,0.2870154313196899,0.28895600231465296,0.13925039680067525,0.13930241039872893,0.14645877362218104,0.3750136184380994,0.3431090473595629,0.46368684040315683,0.4817667658813694,0.15774975117965853,0.18181462047156233,0.1830056028605483,0.14017949557516088,0.14021625656571227,0.14645877362218104,0.13634612226110407,0.14008494735720595,0.2883175302343635,0.2880044040315789,0.15856047483401225,0.27876229669281366,0.3167714657025878,0.3132142637084756,0.22227005747278597,0.30575406016198303,0.15147523,0.1597745491230312,0.1541875669450732,0.1545865531590195,0.14940660950644388,0.13634317671095433,0.1363326945832151,0.15569703138613208,0.1707582847154279,0.16832725988445912,0.1651311368581627,0.1576236894435672,0.16907882784247932,0.16435971949572048,0.161194736,0.14702504363604535,0.1480593887995524,0.14231431042522474,0.1412606099810333,0.13896283258664174,0.13633676199042982,0.13633676199042982,0.13633466011080017,0.13671202144039285,0.1363710993829795,0.1363585153756106,0.13779830199901147,0.13686082998139718,0.13658642141606356,0.14053542913447092,0.1379484997131697,0.13985313090295837,0.13738347074098367,0.13632428706469657,0.13633258550157948,0.13633258550157948,0.1363493732682076,0.13634727138857797,0.13642027300952447,0.13635206243248746,0.13661841102697567
blueberry,0.30612299090743367,0.3046788012631784,0.3046788012631784,0.304035563,0.44221150559080963,0.38007480505720925,0.39223943276518497,0.16198353554795675,0.16320519830815758,0.15010146519571582,0.3882459993396857,0.4390595418234368,0.4651615134248245,0.42425957980267365,0.21103926146204025,0.2180067164687345,0.19510683580504742,0.16886325857263984,0.1730394188982428,0.15002274345922484,0.17233401613000027,0.20829480134394057,0.3336393252722957,0.3230949437766078,0.16750974512232794,0.1705496384445362,0.17381927966014946,0.17825476219577163,0.17846768353542522,0.17476932768927383,0.18680244416681047,0.20245016397196886,0.19101190151663644,0.16482304637604547,0.15106257164748416,0.19657910465625852,0.19068384062160157,0.2030204241951675,0.21385377164760563,0.2134272352995041,0.20506172922911192,0.19688110888360152,0.21539139034244018,0.20380721278176667,0.1944019473573556,0.16483837689063754,0.1762192599496083,0.17523259065032912,0.14844901274694083,0.1389940403205164,0.19724643524692034,0.1951367710188841,0.19012596159261125,0.2057477778181588,0.20204764435165376,0.19553905185368975,0.17021808614299833,0.16776769362218916,0.16241162910056514,0.15591574579454773,0.15491208651553626,0.15011265564577198,0.13714075839857093,0.17081639096129203,0.17649939049869684,0.17535750973168307,0.1877375499164624,0.18459160171793826,0.1566411990360055,0.1535199239297933,0.14880784124740262
boat,0.2683878652216561,0.26589541418386653,0.26589541418386653,0.26589371,0.33919019302324455,0.2800547284034965,0.2829495111489597,0.1388477216168685,0.13921502706507338,0.14192253295522458,0.37533566791554435,0.3529004679558012,0.38448658526396345,0.3641271206498137,0.15370451575640237,0.15673673132792226,0.1521605790374811,0.13893877311722044,0.13932940100946106,0.1424954203462399,0.1559248398935592,0.2028229356509039,0.31890628650271713,0.3046226719875997,0.187164597,0.20436579079736894,0.20910811029626572,0.21366501367394006,0.18482191642222295,0.21102725337276834,0.2047078365915768,0.18337168672623594,0.17694994990878765,0.14958949656434575,0.1439515727791276,0.1458319247911525,0.14348208769812698,0.16272939973956782,0.16649953671165507,0.16430090721369164,0.15794881530456767,0.22984024247083656,0.2519719174228138,0.21669232212008965,0.2108048350370188,0.21887302779838347,0.22921319131997986,0.2045645913110437,0.1643337417190071,0.14300502343716676,0.1442685949875335,0.14413743510545352,0.1436403271922058,0.1567868586462204,0.15372550789822487,0.1490328609800993,0.18660768665954355,0.17641006740992174,0.16634118878176354,0.19829793766873655,0.18659361757342338,0.17547255853030996,0.1427424446012201,0.14246349172279835,0.14284281924804926,0.14283000108369012,0.14768765642911827,0.14672025842088932,0.1546879733265539,0.15207347955481068,0.16701275223354775
car,0.19899352746209314,0.19397487510416536,0.19397487510416536,0.19389360259259256,0.22979407711524805,0.21250829685277425,0.2127051692251672,0.1463402336653231,0.14629954854532307,0.14383486854844516,0.25155726099226894,0.28282685093467586,0.29466356654707876,0.2668300916049129,0.19194126964026026,0.18244298465901088,0.15470637708954696,0.14574543387485728,0.1459036597363629,0.14989216916077047,0.14021306886024926,0.15840574028906562,0.2097545716979076,0.20773310766857275,0.30977502439478777,0.317479727,0.311726461,0.27596624155800586,0.17969511791700107,0.26003932411007213,0.2258655144752015,0.20371045897817092,0.17502497622469004,0.1838997288876216,0.16875844782734614,0.1418318089374669,0.1406532153695298,0.17672074628048887,0.17983968696995986,0.16523695110432207,0.15752232680819217,0.21037984628140002,0.21411477722350197,0.1819219089511344,0.1831265568607448,0.2216615951839317,0.2213102002273813,0.18431771645912137,0.21101221372420315,0.1939348795081881,0.14280899829181568,0.14107228168617036,0.13951499883233595,0.14672128305416993,0.14281401550831793,0.14093452105126297,0.15149623405217488,0.14689849819222311,0.143602961,0.17985630304838848,0.1678975177733757,0.18447455764418905,0.18583219917730087,0.13870580693497941,0.1390917679176633,0.1390917679176633,0.14088991053734212,0.13922645885163068,0.14330882984957066,0.1412740074344997,0.15981922857705058
carrot,0.16849705624898897,0.14565213241806205,0.14565213241806205,0.136658022,0.15109391240855455,0.14617176347672525,0.15161122336686586,0.15233596381628883,0.16119496454658364,0.14678865288522253,0.14281446325676922,0.14539245379971094,0.14655979875310873,0.1416903214691955,0.1460447909364337,0.14879148699400654,0.1436512151131837,0.145895591,0.1513091823462988,0.16963304748023944,0.1614986396360467,0.1589584438716751,0.14012708046599298,0.13926581317238568,0.1508819052642523,0.15228371780635583,0.14908254128448914,0.14855435998644903,0.1527642134720926,0.1468908099466538,0.18227743509163713,0.16235311085768123,0.14801890856352312,0.17765068366474288,0.19037472694676422,0.17845264317136014,0.17460028528420155,0.17528481870328802,0.18573264039800608,0.18373514149801853,0.1794412554638741,0.19667925534775596,0.224074424,0.20619215159390183,0.3662894911316569,0.25098076743961345,0.2916735213623387,0.4215490956162586,0.3910511577328958,0.3551667285221335,0.19737806067074753,0.19339967662757326,0.18544209604970235,0.19489942954973152,0.1878504494731554,0.18224324772947262,0.2738039785787427,0.2644932278749149,0.25463604135621704,0.5205930573180607,0.4982330264667742,0.5064911573351073,0.36829894592891665,0.15521816983777317,0.17330990835894083,0.17142686015818778,0.21079543474376178,0.2017339340268496,0.26097342475407087,0.24955820575954865,0.48565943519023663
celery,0.15208699612150992,0.14576488068946994,0.14591273446965725,0.14576042496987654,0.1738438115200946,0.16210702919865047,0.17183292117064017,0.14015176669790583,0.146221414,0.14263479382896974,0.16708388849345687,0.15966402472375119,0.16580271386907297,0.1656199260776481,0.15168903935820305,0.15672087646255323,0.15539403986746297,0.15202395009572975,0.16171150151896116,0.14872470138824676,0.35902042716293603,0.35878062194379257,0.16063681572904934,0.15731595118858194,0.14222606926482115,0.1432658952331191,0.14479098385922382,0.1521855928301926,0.16833981747874355,0.15159369874713977,0.17376123968709614,0.16055200519607166,0.15633326874890238,0.1705288882340474,0.1499965081750593,0.46022405353681356,0.4405919919276558,0.45228377581060725,0.5156876522807472,0.5047797469463444,0.47501644583750013,0.28647891931134184,0.34942322817557664,0.33765371894298896,0.28501378847005365,0.20012891073056632,0.21362704090497805,0.18830154110595396,0.17445323995739107,0.14335077163545754,0.49234882065157687,0.4816946974605852,0.45646828326238875,0.5353932247580874,0.5177238993622215,0.4874086975343325,0.37619645423373405,0.35667902744083846,0.3219904312639637,0.22851193188271382,0.22139584063923753,0.17225605216720483,0.1377742993990914,0.36837694781227354,0.43432712908180765,0.42579062803900336,0.4810361989176694,0.45866081620941296,0.31412176748760984,0.28808577217576414,0.19613632839949374
cherry,0.14400359545354688,0.1402202329491069,0.14037817470479372,0.1365817720738059,0.1531150262142371,0.14994586720747616,0.15100924534104207,0.1525269841671646,0.1532967712702039,0.18714711877796472,0.14611138559784403,0.15114467014567176,0.15279257532070567,0.1482465294137616,0.16564933901474646,0.1677761827265371,0.15720436908587693,0.18089488578370583,0.18678826950639274,0.21191264477959354,0.17924802006570595,0.18983354982610814,0.1476374071558565,0.14567551761256456,0.20378396570478866,0.20371728785601018,0.19951443956627685,0.19728990823739687,0.2345424453104147,0.19070946943151557,0.2859837820803591,0.3035443548799636,0.25447188753980193,0.33309232133385713,0.2909438107448622,0.2040490518427544,0.1934779078800654,0.21682615510945968,0.22864930454001128,0.23154251637773612,0.22040726592878415,0.21055944577861613,0.222801258,0.20013513200850314,0.19298564658226403,0.29675917558007797,0.2937400666081106,0.21849263886768616,0.3873998846074306,0.3377831719966919,0.21494434788066547,0.20803936525677147,0.1956748430075195,0.23139184300523657,0.21985378704014408,0.20748156487580866,0.19941979649667788,0.18511993812059468,0.17371551217692177,0.24397113926293726,0.2049286155995199,0.2627297407283674,0.31119755824454726,0.17913856409233547,0.1916277865655323,0.18575530429979262,0.2041461796174488,0.19264851379639528,0.1716984068592112,0.1588483315136945,0.1699498141709973
comfort,0.19135496658652337,0.19334750915358484,0.19284185,0.18577232688858317,0.21953310790569766,0.20520624007983104,0.21099165924535898,0.15848837858516351,0.1602189926409357,0.18030524285886956,0.2239824231623341,0.23734649333849195,0.2663889996514935,0.26134929960925374,0.1886712352066145,0.20718004662865377,0.19614760843667842,0.1625592348598069,0.16606495637213264,0.18079336438248297,0.1769360311401092,0.197676879,0.2147798635422758,0.2097032285556648,0.1757908133716387,0.21504620337246205,0.22789825821739515,0.24573722257337102,0.2544907012598409,0.2402139904464198,0.22386708283004014,0.2181425941600451,0.20624659345078253,0.19482055308985433,0.18342082211872862,0.18826267321366907,0.18565089120023417,0.2002829837518778,0.21757888159259903,0.22979089799778268,0.22454213450570432,0.22756900486082327,0.24961307817323905,0.21719303,0.21375023982458313,0.22873073282455642,0.24007228789959675,0.1974634194425714,0.18778540237436464,0.16397047187799238,0.18594271702912465,0.1856926823935265,0.18436653805837014,0.20148493833321107,0.19779154450080158,0.19443475869363933,0.18148080216711746,0.17844119024021998,0.1720772080487785,0.1936001718344235,0.19057262343820133,0.1707486080518258,0.15449859725468948,0.1752316338071978,0.1856451441107061,0.184811263,0.1853475583984019,0.18432096234962564,0.15640664578506078,0.15578520656861714,0.16426038193291168
corn,0.15126202046884607,0.13634732915211317,0.13634732915211317,0.1363303767693827,0.15632451411954512,0.1486881572332712,0.15974785530149768,0.14480479768078575,0.1648649043015758,0.1393370947053642,0.14721434099990952,0.14147529336645345,0.1476246834995828,0.14784224016124062,0.1433313768038979,0.14920034661582568,0.14830328367994747,0.1486314125883879,0.15941360380067776,0.15426761395232172,0.19054451612330092,0.18411040882570753,0.1433029501138328,0.14261238304191418,0.14351108457719572,0.14145208085061348,0.1427965444760675,0.1477494106995412,0.15800315560546765,0.14716275029674197,0.1655638089955379,0.1529689420744272,0.15001325149814923,0.16182756838503268,0.16932231180437157,0.21352076266181008,0.2070912245235802,0.2009019164833091,0.23044111450932678,0.23678601687046966,0.23094112407222042,0.2258561121086535,0.29528829999328465,0.4089486663284018,0.35268014952945353,0.2342872088810272,0.2957484446183257,0.35775828430292694,0.2100914899277682,0.1805419588076784,0.2407875889026399,0.2408160963231793,0.23640654136633327,0.32051014938901495,0.32286820730328436,0.31227654871795885,0.48290439812979463,0.48288256280572894,0.46435401900652706,0.4250433900559442,0.42098334522403247,0.3692112508729282,0.19836481197654432,0.1828413607275466,0.23229696104161965,0.2307260733128218,0.32377312636791294,0.3173637539635615,0.454687781,0.43978275547938817,0.4009548690677719
dawn,0.18196383052236673,0.17420892987917028,0.17421282230248716,0.17344647310683128,0.20422704352555232,0.19113271753461766,0.19494175769331815,0.15633865711396913,0.15948698217879556,0.16493275969935411,0.2014509657277252,0.21300720098793355,0.22115737122396822,0.20701786868665975,0.18296197714015555,0.188240558,0.17582206578061083,0.16906314808060163,0.17635168193235032,0.1783206673686468,0.16046261034454687,0.17611618413124358,0.19635079584977422,0.1931674975887034,0.18643475739788248,0.1795811481619353,0.18620422751783636,0.18426690411433908,0.1716237283707928,0.18089691770071642,0.24953528672546324,0.228917823,0.2181510090144659,0.21412167060127682,0.18677479013702486,0.1623192777683312,0.16059357518139325,0.173071625,0.18509133367793465,0.18919472132338194,0.18336391780882735,0.25981437477426367,0.2974900976229208,0.2552189241364813,0.30402136337000324,0.2850020661100763,0.33201842,0.3375975364377525,0.24747944764228483,0.1881260806138458,0.15649402194131484,0.1602599259393317,0.1595078320146649,0.1813703722324041,0.1886241932710375,0.1848373350499713,0.25179883415352833,0.25439360278721646,0.24266669294540463,0.3330593153410805,0.33249486806372985,0.29748011759877807,0.18468102527622487,0.15010037300104706,0.15664785056343705,0.15660353360040707,0.17889684839960068,0.17857494529488288,0.2134400479087716,0.21070207845615133,0.27814470571852434
day,0.3177035926190579,0.2915095333794613,0.29196365070544295,0.2884500576757202,0.3950094737182225,0.3366922925357878,0.35335278712100393,0.14627997093196923,0.14757498057818932,0.1638733312024182,0.36429939146158674,0.3675750732403927,0.4191925039887582,0.4059978410677186,0.16649634813449454,0.18527979794435537,0.18575480159645066,0.1413264921469405,0.14456413445096275,0.16619009209460547,0.1693168638178186,0.19096970120528495,0.3221855884227428,0.31881617111217936,0.16320229902947883,0.16116172593251613,0.1704941381041649,0.19519999961470463,0.20226586473534186,0.19377978078609004,0.1732375482299095,0.2050801029495829,0.2098176918157824,0.18030208265931827,0.16662182051349933,0.17282191630202126,0.17108085909790732,0.18355812681486966,0.19482481796393888,0.20891605927297088,0.20389463395691637,0.18922019818703018,0.2256379202184888,0.23879378490291794,0.22612714612345994,0.18030937564149602,0.19602524696679247,0.1884209554520333,0.15599713114905495,0.1443056692130956,0.17213828175195475,0.17379579169013787,0.17257002837664787,0.19644160360589993,0.19840607376619002,0.19524825259340725,0.21172056856218305,0.2118049198695002,0.20692401313433165,0.1949132024079083,0.19532541025054753,0.1703511585074829,0.14700692010120744,0.1613779754693313,0.17454733269296013,0.17415749208732909,0.1880585448764898,0.18696731338019973,0.1892557480047226,0.18732526939997768,0.1757650369040086
disgust,0.17835156275964373,0.17018950114206446,0.17023054785824143,0.16949970386073387,0.20050411721678993,0.19159234734632583,0.1999381737975849,0.15123018423845863,0.15170969977050694,0.14812209683401895,0.2112201309969103,0.19344262746557864,0.20460550272098493,0.19764271594412516,0.17479254105876565,0.18367406273822387,0.1733436252664625,0.16267055604087519,0.16943331495295982,0.1499630729990211,0.2740459873881829,0.27741632365996377,0.20009927194938565,0.1975880156803638,0.17542832587340051,0.18745253613588447,0.19238812297197097,0.20176814849187227,0.21136716799282776,0.1961971031958461,0.1990758508208063,0.18896546582863216,0.1800914671747492,0.183533737,0.15369328341208405,0.31282537199040483,0.2992218989842366,0.3165562540094681,0.3517552666835488,0.34862353631485166,0.332027178,0.21360829975387408,0.2758120431482431,0.26775436953564224,0.2501384988222843,0.2068073737847796,0.24731364467874872,0.21989134774433708,0.18037541802471102,0.1471828482947715,0.3157775572834302,0.3053343961054081,0.29324921105174656,0.3384650515102597,0.3226477451430695,0.3094286796480627,0.24094091080775498,0.23253710999267857,0.22557983351869748,0.19703178777436958,0.19531937765566706,0.16058581731172278,0.14563848401889548,0.24482018379937764,0.27298141341555054,0.269023398,0.301065962,0.2933654172868167,0.2067558569378834,0.20363585483224567,0.16986978518100565
dress,0.149421092,0.1501751422013032,0.1501751422013032,0.14934404806452675,0.15723000866316464,0.15801291906513013,0.15832730420381697,0.15986775895003316,0.15999956868466644,0.1915807856787573,0.15604742428858634,0.17080410018372225,0.1836792903771901,0.17932437191021514,0.18038072176905884,0.20213648428376454,0.20003379852499853,0.1686801781338241,0.1686991749787293,0.19585472284028563,0.14233058047819158,0.15906535657889226,0.16289924885500037,0.15776240642210088,0.1618011197299371,0.26455182983744213,0.3090546553673771,0.3176072667424525,0.24304881509016998,0.3134906729945501,0.24368510811743185,0.2605220070019627,0.250284762,0.21186900605114198,0.1978684135663644,0.14309969187083904,0.14200725729598648,0.1580746449598715,0.17617033010849503,0.18114733153255222,0.1762773893450161,0.2602190454209291,0.3314005923442327,0.27037491799138963,0.2563714748456666,0.2772969888134707,0.334293076,0.2615477582067497,0.1889090449197692,0.14976464855972987,0.14562238254884063,0.14555378121391732,0.14432629365704394,0.15563266662564101,0.15368930364573277,0.14905271286416716,0.20858937196526747,0.1990606953205531,0.18600158996121344,0.19196791067444943,0.1835246672994214,0.15362150290033022,0.1439621136077837,0.14140888264065843,0.1420591675298317,0.1420406702643248,0.14437474756109658,0.14393362896732861,0.14554907671326228,0.14346115392922493,0.14663760419820937
driving,0.18697396778630418,0.18613239344708413,0.18621955518014383,0.1859613398192406,0.21772198763450012,0.19843888437452667,0.1992437838712686,0.14739486394607637,0.1478010571419053,0.1596976160607932,0.21830371123172923,0.2595188877804492,0.26850451948272736,0.24962229571355185,0.1966208854613948,0.19753835319258606,0.18869985189063382,0.14873671155254434,0.15077234677596388,0.16068714685599328,0.15943917367493818,0.17690183308888702,0.20525686564304885,0.2015029655856755,0.20582169468930553,0.22192889335153093,0.22261045463602838,0.22674350912187305,0.18059648527342978,0.2211822208766071,0.23100458871834018,0.19826665944362756,0.192807995,0.1794831473229187,0.16366256475265947,0.16272693322258167,0.16188331388060503,0.18630918740019917,0.19366192,0.19794514128631494,0.18977126670416278,0.27160935290093335,0.2991482219284421,0.23541109536724017,0.22707833257170543,0.27011346263665886,0.29819725452359264,0.23841986245801478,0.1949293387282457,0.15002959041276479,0.16301790907895577,0.16483124639375948,0.16375777543131848,0.17445417377632536,0.17586201352025024,0.1715078729043055,0.20605531568842744,0.20284374080454146,0.18687026668468015,0.21587047724854286,0.20892305189363908,0.17735469319856026,0.14631182281999303,0.15775627790014232,0.16123765104382942,0.16107671520116487,0.16497713366272382,0.16425980558727774,0.15716695998827432,0.15345566105796665,0.1678515165753374
drought,0.15237011515934112,0.15192425669267487,0.15192425669267487,0.15192425669267487,0.16212966068106965,0.15283704926520622,0.15352567166164965,0.13632148283572768,0.13632148283572768,0.16526557352790125,0.18604064237775092,0.18129700219244033,0.20208445362245914,0.20143960185950063,0.15101113647218098,0.16847710110698905,0.1699331134194639,0.13635926924447214,0.13635926924447214,0.16526826350684637,0.15019681472147486,0.17464056155942614,0.17826163811500081,0.17265222734096172,0.1497070647832088,0.23445387344673996,0.2408795247391482,0.23995389790817487,0.14897378487787893,0.23467140509552034,0.29789116573712576,0.19750891123072453,0.19555611259977257,0.1676173188634703,0.16545137853839367,0.14765972523287982,0.14757798282295695,0.17155496670666484,0.18320895863187076,0.1808503424384116,0.1738702836785662,0.41898475876600677,0.47599097757672443,0.3218969747386339,0.29845128166051854,0.3953696094357791,0.4526878748295759,0.3268362635016538,0.21820305112972474,0.13728966891108849,0.14869083195335359,0.14867058916712128,0.14836279182161596,0.16198850225081937,0.16370038903864642,0.16070293885333792,0.2939786275986927,0.286749023,0.25279099069822053,0.2797929428281171,0.2749885378524528,0.1950083942986635,0.13654721988679247,0.14739865267028807,0.14744804931363137,0.1474426097894551,0.1504095047235795,0.15006465573311256,0.15143588894516774,0.14972606143570732,0.16711485717156516
dusk,0.2528964309504656,0.2453291413221102,0.2453291413221102,0.24492439546041153,0.34240586873109596,0.3244959974132157,0.3319794523662942,0.21925579178203838,0.21980586894594048,0.16823656094021575,0.2749444649479208,0.3560572518384382,0.3660386016548847,0.31650707713573817,0.2749707184628367,0.29081081034563117,0.25545817532007703,0.2459287845610725,0.2531978545319285,0.18201309967777213,0.14252176324217658,0.1738084169611761,0.27196658873390317,0.2634403764908365,0.18987330701426014,0.19656541777301478,0.20622808873195805,0.19046890313865436,0.15788636496160133,0.1784767869227002,0.2500387199169633,0.26129778496994244,0.23654962903837043,0.23990071152928363,0.19211113870536733,0.14406872609957724,0.1420526047461806,0.16111393765324797,0.1636539562836031,0.15670736671039576,0.15121634952503474,0.22552199561518385,0.23803825111916865,0.1891132752128285,0.19884685833994734,0.2605367882120056,0.27913355210905444,0.24991494168471845,0.24124576024340297,0.19384449306101262,0.1447066224309411,0.1444170625035453,0.14205671840649708,0.14827206423436098,0.14796401044828258,0.14518373033514145,0.17740750656045295,0.1734907682950323,0.16858620106932035,0.22245842673425853,0.2203249486684621,0.21062665828049068,0.18805055216736705,0.13859317878057612,0.1387680628929829,0.1387668539373956,0.1420753601521164,0.14183547057389104,0.15856691260192088,0.15744373129301645,0.18824022526542303
eating,0.1755347347045797,0.17222179171423094,0.17222179171423094,0.17221780233152265,0.1932526256601026,0.18009331569018755,0.18267941003913996,0.13777717408388748,0.13831195156676185,0.1649931119861651,0.21461535640509305,0.21364250788798717,0.2292231490718791,0.22148332792909378,0.15795308101317637,0.16065147371216387,0.1556902341834973,0.1391299338119948,0.13989075674080825,0.16832531440748666,0.15631506253301466,0.18350460423195694,0.20225100319482467,0.195473372,0.1770115961780154,0.223629555,0.2323676813875535,0.22713353090645996,0.17903131409602144,0.21961393613466715,0.27751568691674705,0.22607588216425661,0.21177792194610193,0.19854473915245313,0.17220378836221217,0.15638991928571278,0.15497286538242866,0.17661100908421917,0.1868187336091743,0.18532038553810118,0.17956882425599557,0.3191237537908648,0.3501573332715493,0.24979913928562084,0.2553596446685536,0.34340209550630363,0.37819415045563337,0.2928213160703906,0.22633454355806143,0.1539512665247214,0.15929652281346768,0.15880828243178058,0.15753443583387353,0.16933493077437842,0.167358861,0.16372930093349916,0.224488821,0.21399949402208202,0.19712044610527282,0.2685811220781686,0.255002056,0.20435289210267985,0.1537837046226486,0.15140745495530764,0.15383998261762258,0.153766043,0.16349963092146336,0.16261071992824086,0.16302607309336045,0.15820074292785663,0.19172567827891726
efficiency,0.31605832975822296,0.29638749662741554,0.29638749662741554,0.29415288600532785,0.3711370297493228,0.32184905627058785,0.3323813836354491,0.14750039539574328,0.15111238076134612,0.14999517431362883,0.390547251,0.3559682690357865,0.38324058794854093,0.37494297118083725,0.1535886532098649,0.17139618817632574,0.17153092906257436,0.14452693605054953,0.14638616987787822,0.1508759450069699,0.19794643545253537,0.20990397808658293,0.34923496520916153,0.34623798510676956,0.14818663426130596,0.16859720711617932,0.18019403025568667,0.2103570504977423,0.24915296943006293,0.20787429604856655,0.16215509282581536,0.1802552316704707,0.1797480004990576,0.16266903797465831,0.15823252289621118,0.16538779155195782,0.1641869273259002,0.1692173136887926,0.1938959889085042,0.2192909440348254,0.21611290993956164,0.16319844917035142,0.19258359019411944,0.23087781080542974,0.22689393174913172,0.15812285566236092,0.19076087310243386,0.20433753512815273,0.16102277951338922,0.15800402855315307,0.16790369392352836,0.16777958337527743,0.16681397075634713,0.17982893064776956,0.1800762167311595,0.17885515726743026,0.19141498161935508,0.19203234407607803,0.19136135627564735,0.18403922870947761,0.18441018695120662,0.17213982229078686,0.15205450352995795,0.16203634661443225,0.1705604813480592,0.17037463132032718,0.17874193545876388,0.17786860639118793,0.18050773589894822,0.17968025320673356,0.1755931835694161
eggplant,0.17777632717127367,0.17397973600553165,0.17403211087550743,0.1735569329499289,0.20461559315679714,0.2055512644131871,0.20720296182878825,0.17934356462980125,0.18020826691829658,0.15220232550450863,0.19118969886965392,0.2281873017657481,0.22855086986280146,0.20611727309347475,0.25580143932426724,0.24961961140567263,0.21154900540716728,0.20034072258636126,0.20269639353062457,0.15462294350168662,0.16931125838320601,0.18316300488626516,0.18639197791453818,0.18216659582041758,0.2672971838782306,0.2303318907200094,0.21263646068856817,0.1825688184670458,0.1723374854622005,0.17227939791969676,0.2663838440644927,0.22105947118996572,0.1842173286788669,0.19648601513181937,0.15647619322815906,0.18057348883974975,0.17580531124560775,0.19358900990070946,0.2132170380968828,0.21118824240390272,0.2021709385112624,0.2536685993294672,0.2897226976286215,0.24381824158947588,0.2350596147687063,0.26361941548346024,0.27446365972357234,0.2251443272180549,0.1780490491395104,0.14656173600004216,0.18036514321124825,0.17860893445284898,0.1738675096582195,0.2100131020647251,0.20617687201949952,0.1976235199710821,0.2378418499367258,0.227227662,0.21102103683306173,0.2335276219396768,0.22245744835576922,0.2024024721065962,0.14766203679987128,0.16258655942682257,0.1683960270436086,0.16781633004782578,0.18810764391688928,0.18444945290079467,0.19407918529130114,0.18615992665408104,0.19426088192717045
evil,0.14345139534660556,0.1418056066480675,0.14180805459106768,0.1417467671038683,0.15797080380274478,0.15504374341826038,0.15628956906460337,0.15274141477000763,0.15285322659105313,0.14100547803415103,0.14840096510747833,0.1942695550093671,0.17106869411095674,0.15010718629218042,0.18070230199610854,0.1659560377489425,0.1509258433937938,0.15892795463764442,0.16002834413152509,0.14455109309307979,0.1688220546344611,0.18201253260611325,0.15330808986397787,0.14889542559377633,0.4262105730994065,0.2705361959966482,0.19744466948665543,0.176492996,0.1623269833714571,0.17322413842981346,0.23419923510463814,0.17790413326229687,0.15718137371144608,0.17215162474538673,0.1608542409409734,0.1738714685958991,0.17134702951254763,0.25366878234066004,0.22318327850318187,0.19584933491232892,0.1871793680811777,0.281459349,0.2552764743264377,0.17694293991283547,0.1635287080430304,0.24919924482799125,0.23863576570571626,0.16873762694620062,0.18489475997838437,0.17152298844567995,0.17317168298430924,0.17478010891511486,0.1723345480814013,0.18717700103905852,0.18018380407513937,0.17450869768411048,0.18759038564725264,0.16498657437790554,0.15502975814267164,0.19037554867192605,0.16719168462707507,0.16467176739157302,0.16600856070096212,0.1617863404564001,0.1644096033854104,0.16435926696361927,0.1686152140312655,0.16754527241338604,0.14808458046013662,0.14550835655678507,0.15121773197284344
far,0.2046834611161481,0.19617118333085887,0.1964781149113323,0.19656076169029044,0.2302898498946299,0.216698084,0.21875956677100036,0.1506990712887747,0.15132460558287994,0.1449130133148936,0.2531085984378149,0.23670737964816296,0.25027570812318783,0.2439625392137063,0.17806136319924612,0.18436170048835948,0.165804127,0.14812895375814458,0.14951596237708745,0.1463350828888329,0.1722353407820008,0.18685361091975033,0.22752586187249602,0.22336463811481147,0.15884732861843326,0.19353374425442996,0.20115400987345045,0.231341461,0.24469364729636953,0.22530012772823832,0.2481184900945825,0.1803330900196194,0.17132531070622117,0.16457307806178567,0.1513601218923222,0.1666687457172874,0.16437354634353607,0.1884396573301595,0.19879768820543714,0.2219995836969642,0.2130325413022792,0.2928205055263004,0.3267029461262603,0.2722836510522517,0.25611124309604316,0.28796420529001276,0.3129477078424627,0.2348964707386985,0.17833378572082503,0.14889624141626137,0.16566765367641142,0.16514104312564015,0.16416124142342323,0.18680167629080108,0.18559103511616376,0.17926457234223492,0.22045573625872422,0.211215733,0.19309466018958377,0.22033947008568217,0.21288570425853096,0.1835850598780124,0.14580718690270808,0.1620932095652419,0.1638062963284325,0.16370684381287692,0.16894006371119893,0.16844482189630575,0.1616963729137014,0.15974152698965255,0.1669729920084844
fearful,0.19469448008726944,0.19413993275935165,0.1941543410780456,0.19339189535934156,0.22206205724024003,0.20396484376463805,0.2061003874619681,0.13732705067340387,0.13754618051109432,0.15872707104494907,0.23493714357436557,0.23067443815672098,0.25600659097330264,0.24709973752044082,0.14905143998486112,0.15200098831098025,0.15123261796521106,0.13822408424748808,0.13864586214134528,0.16087274391658396,0.14410591489995092,0.17292508368457765,0.2214413772438469,0.2143710914427894,0.23873577891099687,0.21672228746616035,0.21693230731148821,0.2180838546418514,0.19534599796174545,0.21032214557301604,0.24239422552647605,0.2097647041194346,0.19524525866921036,0.17814465249513273,0.16249839401540137,0.141514302,0.1415108032378653,0.17264298332884487,0.17344231747755987,0.18300966229590904,0.17615448075064954,0.26063272324572795,0.29324133977778605,0.2516810318124995,0.24397200810177203,0.2747501232921036,0.3187685719132709,0.25987315241701353,0.18840928272470517,0.14076696988274165,0.14183863310710132,0.14238422446456467,0.14231133625906753,0.15521254353865901,0.15578594611787486,0.1554664218458685,0.20881671208986544,0.20152252391914843,0.19818408202434412,0.22780791241509155,0.21935276907080567,0.18476881072989468,0.1375371781582153,0.14177666109542517,0.14233382122713648,0.14233382122713648,0.15327011678403693,0.1529459446972131,0.16553608716037602,0.1649742271160561,0.1722744654472189
field,0.19918194786962376,0.19361830297621319,0.19513975988051308,0.19361715166814816,0.25713341269245876,0.2180729236012441,0.22533156706489874,0.1391675078089298,0.14227253289823918,0.14565504440495752,0.26285213452040035,0.21891726736777903,0.2680723028210366,0.26565584917540946,0.16004559552353795,0.1717442787092189,0.16869807510117169,0.15106653941813689,0.15284674,0.14761012603043122,0.29290703128143175,0.30508064979761673,0.21176553079074195,0.2096782543525942,0.14134749661431037,0.1524392014246132,0.1590174565322164,0.1615004715033614,0.15608752009027305,0.16101343608616506,0.1745445368378415,0.17199274145559332,0.16677276238743502,0.1585704268207145,0.1474885002328269,0.34058104010279566,0.3262691026038056,0.38393327344698835,0.39827266643643977,0.38037038294817743,0.3520348857997717,0.2710694030538427,0.3039867058141959,0.2954324147433701,0.24737931043582886,0.19743939292182724,0.22611257959411704,0.2151430091035968,0.16509242619774336,0.14208981193401388,0.3811287930511888,0.37609642134292304,0.3530461902639119,0.4212509876308601,0.4040400347025958,0.3724502079839023,0.313173761,0.29358936712066236,0.2620698411538651,0.23337081981431904,0.22781484114054026,0.17640591160539876,0.14220490638090483,0.2991338218702333,0.34335099950490533,0.3404945555298383,0.374635412,0.3620822324171098,0.2655337135231445,0.2475553313492957,0.21193760128327288
fish,0.22276752503165592,0.20808513443778384,0.20869049420644403,0.20111715513877262,0.24509608212615205,0.23840243457595608,0.24451205793218303,0.1695764343215766,0.17184767532949033,0.15205478600485112,0.22753624693095809,0.256774097,0.26230953,0.24082006242315543,0.18333386719955957,0.18646301115450534,0.17391322661370198,0.16559785583895134,0.1691782676300869,0.1557934457313497,0.21462914255637225,0.23436826080880788,0.21689694604352133,0.2116039284637635,0.19854688107508262,0.1934593452065094,0.18350529206846786,0.18363185148753022,0.14684672114861924,0.18211042424902052,0.19717457500027488,0.16914669404082622,0.1623679003855161,0.15987215314201342,0.15302358139308211,0.24383355560619346,0.22973145750796922,0.2930550249646826,0.30389470017548026,0.27309946866850077,0.2492520302740476,0.25968618062138166,0.27421474944644963,0.22745801003313834,0.21143971803015688,0.22408455254998272,0.23427315723365566,0.212184164,0.17185877830067717,0.15691021994294443,0.24406308365851037,0.23963264556487324,0.22985652433157916,0.2916284870397135,0.2729239790626418,0.2517106868087991,0.2417291808444909,0.22372139565977872,0.20245430269404394,0.22311330014297961,0.21662201858588287,0.19383365164299143,0.15830656134316937,0.21935677411730076,0.23356291834404555,0.22699695145497115,0.24939840497949917,0.23970403011872266,0.1879940597749646,0.18230358226596283,0.19039480470351636
frog,0.1649573892848139,0.16248180740699553,0.16262863885688708,0.16227059032320088,0.18395983790880446,0.17644974281670153,0.17955691282307526,0.14421424223060617,0.1465307787850409,0.14592339800601756,0.19197440202557797,0.1935318889833972,0.2027867854553242,0.1885991144975945,0.1717441581478327,0.17849966757767396,0.16863270013412027,0.15096192695267988,0.15434236762830686,0.14799936069271227,0.2811242394291504,0.3013150826745981,0.1869494583592066,0.1826297802211779,0.1677556386491231,0.1730037025995547,0.17932324800849114,0.17880093487497897,0.15790087377443043,0.1765421042801701,0.20130727967816225,0.18814513975185934,0.1795678151310382,0.17022879438798602,0.1560848858090987,0.3206762467464606,0.3085800658020859,0.3633934268930769,0.4060636665566231,0.39393636148771666,0.3684875307267929,0.2967660981283253,0.33989431822611393,0.3037443957107689,0.25508701770745257,0.22807659885813228,0.24189332335070873,0.20299661931529153,0.17379632150058652,0.1526888180356491,0.3521759216977443,0.3496812345968717,0.3356132834126958,0.41832010476469533,0.40387601730616657,0.37584148386671357,0.33045697418346315,0.3074556647478545,0.2736398890875124,0.24180162723794352,0.2294772223159662,0.17643626999052617,0.14783009393172683,0.2824250345132842,0.31386308819257636,0.31033752965191724,0.3406538194551798,0.32877279570274165,0.24888515985195514,0.23233741754047207,0.2045314336211947
grape,0.1635806262613972,0.1536034400855967,0.15435995304272124,0.1536034400855967,0.18709527976299276,0.17198612698340573,0.17945489565005976,0.1576613796336552,0.1691001000367383,0.15912261425896276,0.16833427631025252,0.19817322711344704,0.19646828072473205,0.1783883247794359,0.2007148952350228,0.19924569603877154,0.18620184635326764,0.18745944331799988,0.19625375628421984,0.17606624232739296,0.24258072978213827,0.25001519109557646,0.1644631555818628,0.15999924685619174,0.19755268212530527,0.1978703806030955,0.19581325789141724,0.18207147017102052,0.17335819246048179,0.16687885669369126,0.25642659010293606,0.23677143197981984,0.20941911419245757,0.23703262143145232,0.1957736138668293,0.2609842189601829,0.25669954753388363,0.28118609379997983,0.33561645628093356,0.33481239293893467,0.32379766040246394,0.2384424113064427,0.27488979255115953,0.26029549199480406,0.21286864644880915,0.2505025025237001,0.2550018536988336,0.18498104893999384,0.232984755,0.18932760392114387,0.3338439984213101,0.3341477416467962,0.32613365038997405,0.35442256984080184,0.3513811104875282,0.34021974770203656,0.3021190818512116,0.29525242964173715,0.28198906389785694,0.22643180122281556,0.2126947815397938,0.18894954452190113,0.17018532250897292,0.2695004010544183,0.31388578077245466,0.3112933409491903,0.338343682,0.33118305198278575,0.2799004726535053,0.27127047465071547,0.2338157397741056
greed,0.14731225664623734,0.1505008338699503,0.1505008338699503,0.14613926512559672,0.1537385124872054,0.14923005487632093,0.1505932943221979,0.1383580102050291,0.1384501573801856,0.1520264334159585,0.15986464386370555,0.18778450227963903,0.18530032892175669,0.17523641790021952,0.16804334130021195,0.15957840269525234,0.14969346259870114,0.13931355755263375,0.1399179668537724,0.14884735029198418,0.1645041032019417,0.186463737,0.1664915685870238,0.16213278083121901,0.2628205959424528,0.25843824697827394,0.22361410281134608,0.22902220059008657,0.20172907814035657,0.22373194684393297,0.23566314652530843,0.183308893,0.17281930250070615,0.16621366040804705,0.1572777987535214,0.16599633613857576,0.16544121970328915,0.21184103121925416,0.21600038951929587,0.22549131577755557,0.2137681913852057,0.2827797479956885,0.3020503675881472,0.2507147226968303,0.2552338881037486,0.26864273033140695,0.2794670975282069,0.23138754623296517,0.20113077298646614,0.16850579211813746,0.17480514114818885,0.17261765029159823,0.16814495147411665,0.2017294345182717,0.19737168472850614,0.1882988224059686,0.2134030145647197,0.20212337,0.18690731856417883,0.25791452083952476,0.24151697187401264,0.20352607729623293,0.16519870876958395,0.1634579179601629,0.1687600399891878,0.1686694385892696,0.17201924126109389,0.1680378433311675,0.15843143831349932,0.15298710017511483,0.19507770134881441
hurricane,0.2078607745346593,0.2034863605940046,0.20349869888338398,0.19688763205810786,0.2281489690260556,0.2182765652572401,0.21743561069010928,0.1623037447939867,0.1611858713817765,0.14886578356391225,0.24867269652089533,0.2566883821083363,0.27841244464997683,0.2750622134898265,0.18996399682952345,0.19642119407129036,0.1957227347241905,0.1595785246007699,0.1578118460243655,0.14429824266816693,0.1458742226130164,0.16885760761398927,0.22057082467835912,0.2175173594684888,0.16910097374765926,0.316754776,0.3505345823378138,0.363336672,0.24201096752630874,0.35246074528087734,0.17986354842839788,0.16580129825541015,0.16526720590274716,0.15050299300379985,0.14431420745857076,0.14996117057983674,0.14589870332225166,0.1826820296675345,0.20103036609759217,0.1977270804403184,0.185834568,0.21678275810127723,0.23685783050917522,0.2041307276177674,0.18703564164348882,0.2095651300841768,0.21761736348478813,0.18500211557302854,0.14799293918715384,0.13831681782279473,0.14607131103970863,0.1455749342455479,0.144942511,0.15582581431541115,0.1528320311342798,0.14726604034605195,0.1604630917321327,0.15513691898475696,0.1461829426525247,0.15025180569586277,0.14725832103772638,0.14002349868854827,0.13707635687032813,0.1448184440421399,0.144820762,0.144820762,0.14493819980648476,0.1449089384767706,0.13689120452226136,0.1367296129232808,0.13802903816851148
justice,0.16103662770370372,0.16099594258370373,0.16099594258370373,0.16099594258370373,0.184211622,0.1724578760395849,0.17256436052084378,0.14087908704072571,0.14095772394561568,0.13982184955588478,0.19065097072095144,0.19877453653068397,0.21266873633620811,0.20072010742918503,0.18631614668676094,0.18324893674542728,0.16948932407306086,0.15188936404462547,0.15196542076869896,0.13986253467588478,0.14132705328489167,0.1588392647701241,0.174238692,0.17136372632451685,0.24592940839516755,0.2204888810079062,0.18503897784850135,0.20888269746960822,0.27810618873627607,0.20630124679481657,0.2736171714201164,0.1791305511814357,0.15781942726915413,0.15573280715628343,0.1428087886327111,0.13994895924096565,0.13837465684366787,0.15522966085930623,0.16069953490257763,0.19438519542467222,0.19049439055720863,0.2840471255410941,0.29907627890541344,0.2536072889399083,0.2471299264821561,0.29924015103625273,0.3032169188051663,0.22856449552086464,0.20559174186265786,0.15927326172167028,0.13717550814480625,0.13719199612538874,0.13715004065918837,0.15290537992133732,0.15274715203314715,0.1504609245945209,0.22439988524730997,0.2060848732213124,0.18654098077890305,0.2516509104166818,0.2254858869837907,0.21333775137584726,0.15125277918200777,0.13692423431078188,0.13713812436874528,0.13713812436874528,0.144176071,0.14375726141393305,0.1767844777101134,0.16557920581578675,0.18992331453723643
leisure,0.2312956155178193,0.22796736646230856,0.22799653953861382,0.22789403861153718,0.28127452762022037,0.23984165037948293,0.24493385702918416,0.14128403705659895,0.14192871417084027,0.16019645690113088,0.3090611543760635,0.2743738813335885,0.3110846233104559,0.3084224713292429,0.15714467819772499,0.1646556032493379,0.16198792411788746,0.14406417059523546,0.14679974263792311,0.1622697594947283,0.1772086742022674,0.20454956655965673,0.2737060443782075,0.26869650322968475,0.15359579389659966,0.17248783169325194,0.17811713275261815,0.19434569408144411,0.22749689750420735,0.1917189201580281,0.20828487804341167,0.20741790764673632,0.20162426861041227,0.1784761951552635,0.16699040750800678,0.16569697563815894,0.1633365419543921,0.18433214027791353,0.20020473493167418,0.21224246577535602,0.204778704,0.23303845510883242,0.27697158884080686,0.26195717757555254,0.26777397108113415,0.23026234121980785,0.2624988912180639,0.24496490546264874,0.17934448581433168,0.15272449908050012,0.16507154745441782,0.16514072926503368,0.1645015812366438,0.1871967463875165,0.18363148787144215,0.1789147340922626,0.21014537947186893,0.20597131656770187,0.19688610927412134,0.2207145647878864,0.2153175269134471,0.18571219040782813,0.14860237495756123,0.1580290362921876,0.16250293100658936,0.16249012214560593,0.16801382609600143,0.16751242277480854,0.16098021162928114,0.15939080853008183,0.1782367478876687
lemon,0.1589503409889275,0.13958635432395058,0.14013083880291874,0.13958635432395058,0.1523744143095186,0.14503065112949518,0.1553842049951055,0.13959529059858686,0.1566903660158407,0.14409330205328913,0.15256001565023736,0.1497228728418654,0.15658964690327407,0.1559169085012929,0.14624908338333228,0.15028355122013184,0.14994673793306668,0.14175788514688262,0.15080306742082164,0.1629082836704089,0.21042389817737764,0.21254097958565496,0.1495207673127345,0.14748319592700057,0.14860334483847817,0.1577476101838102,0.16085057837491995,0.17062869382808374,0.1896160049646137,0.16956114147405366,0.16197708389707133,0.15664319547007866,0.15540338133113174,0.1549461850732368,0.16750518785362709,0.24072403457704433,0.2307090785832007,0.251369069,0.2719634981858705,0.27386767101107057,0.2584476567280012,0.21152183456297255,0.2731627489931514,0.3935651617750603,0.28022167025646466,0.188514751,0.23888101528957506,0.2534967959557756,0.16061977330389618,0.15667426302962179,0.26025706176344504,0.26254954920073087,0.25358086029046284,0.3587407134566183,0.3623847515461793,0.3474821386732797,0.4521132403732294,0.45594434358285346,0.43822432728780203,0.312473327,0.3230137722647733,0.25586263530818887,0.15140808446623968,0.21402928756512057,0.2738399048699563,0.27171332399244397,0.3498201119030826,0.3429399922498864,0.4224764050955226,0.41188944592130866,0.30707554971814693
lightning,0.28150066408080393,0.2569564544449611,0.2569564544449611,0.24767658535824016,0.3818572997816261,0.38581303685247426,0.38935473613919175,0.3134287524967035,0.3126961890017544,0.15890637329692614,0.2642687161861662,0.4082381336815839,0.41024203304866735,0.3355542775650851,0.4020968800145578,0.3948353884003847,0.30605369105802904,0.33315215355054656,0.33298198691422115,0.1642821277849615,0.13678383448572665,0.1678075667317396,0.26402265502009453,0.2554630114089903,0.22123156404908909,0.20814878915647936,0.20275561077041576,0.18275324431998444,0.14317743767037752,0.16835870654345694,0.2287449264183124,0.21795845100145836,0.18844380232955885,0.18880934755028597,0.1591310419846492,0.13837321390917814,0.1367548901601293,0.16683244025015392,0.16278090486867963,0.147732483,0.14377341090551024,0.19596283448723226,0.19470886106378524,0.16412293934226876,0.15497972150701098,0.20273386332545892,0.20409040395420336,0.16953617981576513,0.16462241317851822,0.15149716471385324,0.1384855804788602,0.13754198121434494,0.1371735946313591,0.14243997628514923,0.139262992,0.1374458048361043,0.1487339216638433,0.14347761310327983,0.14104544976939812,0.15455065131578577,0.15029795391894246,0.14888052920597947,0.14846794058536295,0.1364020492312757,0.13661436323179857,0.13661436323179857,0.13843140021574524,0.1380581748439443,0.14088914703158226,0.13982634047932624,0.14408171813101564
lion,0.15537082877125594,0.15527238455539097,0.15527238455539097,0.15527238455539097,0.17676091198351193,0.15822155647030112,0.16239696771988074,0.13680244451436938,0.1368985517722092,0.1453303901985185,0.18109546536585075,0.18434462156808967,0.21783487221409928,0.21179492089661217,0.15468960817376382,0.16613769738172385,0.16286540917559617,0.13788749708724557,0.13853680638154958,0.1453929502699269,0.15138468080358894,0.1805134397594524,0.18148500325533462,0.17479697837353614,0.18475789572387438,0.20394696522371494,0.20250785082414488,0.19651717218274595,0.15108546707531306,0.19095977404782769,0.3054917215553825,0.17995812698669897,0.17363636695826065,0.1498306275501508,0.14547130189344382,0.15412545373432324,0.15006923832818356,0.19964247141419406,0.21084885031517306,0.19635241053027003,0.18119856939451254,0.43933977481646325,0.48747573008666867,0.30555663502700436,0.2908978549063434,0.4073876221563344,0.4469071687138743,0.3010488374839145,0.17791948875240046,0.139721443,0.15357086440642176,0.15164579184464225,0.14913260224958463,0.17738792270310702,0.17137935691926848,0.16508941669487193,0.29755756119375165,0.26888985707972585,0.23329586925117995,0.2981059970354404,0.27944014652041743,0.22618379710676492,0.14025530133890593,0.14833184622166126,0.14851592537847377,0.14850621707690637,0.1594127742243846,0.1579997375762884,0.1783301054192002,0.16998994700459463,0.19357251050442342
love,0.1469072675495292,0.13897690785414868,0.13901452793701122,0.15597477851450012,0.1479302312260133,0.1437001252830594,0.15712482169197592,0.14187076279488373,0.14655218566351674,0.17866415885585898,0.14996306616665012,0.152396523,0.15817966011994125,0.15578490729979716,0.15864631347258165,0.1713946251544967,0.17670988274126184,0.14425910537540032,0.15926192267852698,0.18755182144576307,0.1481865900611574,0.15949851090827355,0.1552644784613106,0.15326152111630503,0.21913834026144005,0.19331132260727227,0.18663229325579944,0.20917240797385686,0.2268648954872021,0.20223754098166288,0.2625272678952297,0.2545086419882954,0.2517544230853954,0.2552879507181706,0.24673563203859109,0.15207064142421578,0.15154363033344964,0.15735337020896975,0.1661281629577244,0.18099722497587545,0.1791474493769181,0.22886157945802704,0.25851382258057326,0.23622735983823265,0.28341659874910785,0.28874861498662685,0.31039878885242117,0.30253162553669927,0.30217703564926734,0.272663832,0.1501847,0.1485860745842304,0.1482691290448456,0.15958939790088336,0.160348671,0.15965739870637644,0.20662308481078076,0.20744441601221977,0.20339681229284043,0.3087204133756055,0.29401777859648465,0.30588841850054305,0.26522823899999953,0.1620253144519181,0.1458373203808392,0.1446725377643073,0.16057116484685424,0.15739617402262748,0.18224281102876114,0.1793933065628309,0.26221852440232246
mango,0.15785095419620093,0.14336623959595268,0.14336623959595268,0.14165461679572014,0.15616177691683492,0.15071132996710893,0.15792875357161892,0.1430926477132112,0.16367947910801614,0.14187135681932717,0.1540736044072495,0.1461041368759701,0.14917135483134514,0.14699494615822253,0.14338985994828776,0.14776707435616496,0.14546449161184757,0.1454449744481616,0.15305405418019577,0.15709415414438865,0.17866136053093168,0.17562943902828113,0.14690661162456936,0.14605377726694188,0.14472269336720053,0.14679151555401723,0.15247305510271264,0.16580896703020115,0.17652357002438704,0.16526138663256587,0.16992061,0.16114828055422298,0.15473452404219704,0.17300037271223703,0.18290948203956198,0.19866133906725486,0.19339944238146872,0.19690349938760612,0.21766983938333315,0.2256093985829172,0.2180215581544121,0.2094871410171775,0.2568410140812941,0.36679210609678775,0.3102926391684008,0.2153809973938247,0.2794886180077742,0.3263625653979982,0.22534010399716303,0.2011642637777497,0.22357588516922033,0.22055254285873024,0.21332119349192222,0.29712800779911885,0.29098934769494705,0.28242427442228324,0.44944313603881664,0.4392882253062424,0.42862685282984525,0.4135813757283584,0.40016617482012085,0.35138787230099733,0.21212953909494361,0.1704220690424744,0.22074812548791323,0.21903550984579728,0.3085744399689042,0.30136773338407485,0.42692585725837157,0.4172676002909474,0.37999868768795203
mushroom,0.14529146197566156,0.1449209150794391,0.14491888178321385,0.14483892188839506,0.1553474474689838,0.15058307929603246,0.15264823398323868,0.14048567829833933,0.14087129316120586,0.17499059900889288,0.16159508165409753,0.1632616023265712,0.17475943468377056,0.17341281330801117,0.15475284014784468,0.164431836,0.16360614578927796,0.1461079846823853,0.14815669303546192,0.17539945478057886,0.18237136381896724,0.19867900736712768,0.16240393935501277,0.15794784974941992,0.16259470268184018,0.18215424833847407,0.1885881547527529,0.19193945800366247,0.1811155040583708,0.188884807,0.24386969353877117,0.2118525295132792,0.20285846941464067,0.19374754165307576,0.1796074858309926,0.1924436979811028,0.18584503296841867,0.22208403926766615,0.24341247889209355,0.24154665671310205,0.22968017643382785,0.3317825011370237,0.39927782448829596,0.33194633561546066,0.311681705,0.31462856071848816,0.35598444424336073,0.2891345231165765,0.19492112618951968,0.15583828122082322,0.19705668876517204,0.19446783382842936,0.18837616296150425,0.2491799638338457,0.24058939589329945,0.2276888266700814,0.3174190766690405,0.2956387203542489,0.2666412124195966,0.2866619741751746,0.27146745364696234,0.21905038347810096,0.15910975619476092,0.17699606127231296,0.18201675119737412,0.1806395972426915,0.2001286336480389,0.19447621449733943,0.20737859955514135,0.19441660131647387,0.20909355058123685
near,0.21392136745398718,0.21147648105867153,0.21274866715155724,0.2113589715208394,0.23406156423991173,0.21661592689106227,0.21978686355886584,0.13783008025052623,0.14239668195333763,0.1406701124444769,0.29581800627423505,0.25895235499908364,0.27844026944484224,0.2731909760254187,0.14511380159047013,0.14717317464393548,0.14894686591205739,0.13869492343578302,0.1420328421309278,0.141268779,0.18657396002825158,0.20368675982935086,0.24457904271779596,0.2405625307371923,0.18916332755960902,0.2131660316788845,0.21317191783383888,0.25755119150727696,0.2718442523120352,0.25593258983263484,0.1570822342526205,0.1548716278625068,0.15896024249189364,0.14357471081278073,0.1414939652139646,0.20496216934731296,0.20323165040288532,0.2022481998667399,0.21516135993692936,0.25331723341956075,0.24968190180452018,0.16423292440176185,0.18598121362452658,0.22126013716757467,0.24240491402656972,0.15670190951692253,0.1739508371673937,0.19519244377835185,0.15509161382839223,0.14225343563594287,0.20113720269923244,0.20065052502794706,0.19892034906652134,0.210120835,0.21336596886597195,0.2116085918570928,0.17647912391377055,0.1801033592182394,0.1775308377839648,0.18680407198840365,0.19052817200990768,0.1817532300786851,0.1460203336356883,0.1954101251657096,0.1988052922570565,0.19852297366089613,0.1979063322517547,0.19738773069827964,0.16259410814653405,0.16205864450997648,0.17807996743015095
night,0.3412802361060957,0.3187594588732009,0.3187594588732009,0.31835795213135804,0.46938718659200424,0.4603604482514512,0.44297960583395396,0.18343390764259054,0.1820008443873752,0.13664778338633743,0.346955665,0.5195784422906736,0.4843076214634252,0.3663441787970243,0.2655661400049233,0.23675248860869702,0.16343648229130467,0.156879038,0.1568424023593982,0.13669001186393387,0.143941776,0.17666143776560203,0.32628415402872896,0.32209285922288144,0.22673548054696754,0.1691820382381856,0.16313634800795243,0.1550883937028217,0.1400151043796236,0.15477199599339955,0.19488733397403507,0.1714790423731864,0.145296716,0.15213073353183368,0.14748848411471346,0.14580784599157337,0.14380547653336204,0.1801342205538211,0.1789943858917799,0.15625628905981553,0.1477867254487427,0.19175947305076804,0.18474724063483713,0.14717599966751352,0.14491533973397677,0.20218161938104195,0.2024296773735922,0.1582046098886822,0.1639459682142461,0.15869651522405587,0.14380969020521445,0.14381456917969154,0.1437634702143497,0.1496451191876871,0.1469553300300225,0.1448838122807493,0.14873642801877543,0.14091881707158635,0.13964362880470613,0.15807448611806021,0.14423095052819745,0.15216675235793972,0.15444047914992948,0.14337501949741954,0.14395339862603868,0.14394435748826093,0.14469792109450613,0.14460983755775442,0.13904699030640383,0.1387563673009458,0.14361160158656497
noon,0.2056656283913643,0.18766545720185554,0.19204526543174735,0.1814300475964086,0.21903463202530235,0.19009337040483268,0.19213961973879282,0.13977196715803458,0.15363296217063077,0.1447882278936156,0.22210439380657743,0.23188857553252779,0.24942941131026153,0.24053679263674776,0.16417912223324102,0.17325388027791627,0.16618967155528022,0.14126710172225065,0.1433749066374232,0.1576187377408274,0.16412810955328966,0.16804686130909557,0.19083109851789473,0.18977324,0.2048846848496795,0.19607751821986255,0.19021758157001942,0.2012659810939778,0.22631993305639056,0.19552844167804187,0.16832420855915023,0.1533923229062804,0.15075286159983997,0.14709413809967595,0.15059644476078804,0.16645750366033418,0.16632174966846802,0.19046072801986183,0.22342943881049024,0.22441854244005954,0.21695737254627975,0.19761147453999386,0.21520269071630876,0.27715472545584313,0.20283428836255227,0.16709001160185472,0.18592444035843145,0.1855723172855313,0.14716412426813982,0.1569349952683416,0.20492483747073925,0.2152926490194721,0.21344607261472212,0.24910378484792547,0.25823783320879007,0.25371747718274906,0.315666054,0.31522094814906215,0.30967772705182917,0.24271619669099068,0.2510496920104869,0.1896697957082492,0.14441873427667265,0.19834025288282942,0.2248051785918806,0.22461582683361397,0.24888073870994892,0.24708761619056943,0.30945624202809097,0.3067828144023126,0.24313661486487806
ocean,0.30649204760310483,0.3010485274665523,0.3010485274665523,0.30098242226585664,0.39500089230470364,0.33729280893737335,0.3394642124410099,0.14981479412093676,0.14983863073482392,0.14770574304610354,0.403484645,0.4035654705229161,0.43407096285932656,0.4115656770904196,0.178879986,0.1856087661861701,0.17835640634968203,0.15213987798666456,0.15376050601601615,0.14782279160695433,0.1846567362448467,0.23087622222504664,0.34991305939789286,0.3307751883223835,0.1469390768736976,0.19502526867715372,0.20330125646975777,0.20160634994520527,0.15590078962515638,0.19783626553979153,0.2064609903386913,0.20465730329228338,0.19582630229262724,0.16176483457893406,0.14913272603221386,0.1810054539833327,0.17634549400067667,0.20780418135858078,0.21238608689478125,0.2020240166662904,0.19059973641282826,0.23037774149636886,0.2531343930914655,0.218186507,0.20256245404347908,0.20345661042992305,0.2284740640812557,0.2109837581421437,0.15461314328995793,0.13803392880147408,0.17113178593370726,0.17088579172443433,0.17015778425909067,0.19124420410451765,0.1882895881571444,0.18259521061403275,0.18217061365634318,0.17839912607327443,0.17055425258576254,0.18111738190072693,0.18137756437619337,0.16148132511670163,0.13798992191779996,0.16876092916353735,0.1692227745955729,0.16921638640992048,0.17225766940433537,0.17195307979129057,0.14944851093770875,0.14843016310961749,0.15640668997154442
pants,0.17125566271413867,0.1712348657112757,0.1712348657112757,0.1712348657112757,0.19630294220533437,0.17505819890048563,0.17523714876828483,0.13702623901272845,0.13705348417450114,0.15101299253432096,0.1925573906031677,0.2611344844184136,0.2674179398327041,0.23979461972083557,0.1688526035694707,0.1693731528209045,0.1599069801447944,0.13711427834742904,0.13713745330216975,0.15101299253432096,0.15089799382477775,0.1865843095196068,0.20366701789240463,0.19568233790629014,0.22401297468159592,0.233284584,0.23116835651067993,0.22876077804841138,0.22686010786162078,0.2266106229488151,0.25761460553057575,0.19517181494059116,0.18999388570269238,0.15268246417964135,0.15105719643627902,0.1508777434430377,0.15079042424400155,0.18867136074428348,0.1845679784676774,0.16620659603755278,0.16313219809951135,0.33173679216241214,0.3466692608233134,0.24176725127076498,0.2215364033413782,0.299071976,0.3215199726113192,0.23363750044810996,0.15266451483510188,0.13665020702765884,0.1508675950653459,0.15086179439548505,0.15085009975041488,0.1596520690362173,0.15894930083371325,0.1578070506978081,0.22525182651013273,0.2076651286088561,0.19146810334873124,0.19909521163560992,0.19461165315158707,0.14195536109992854,0.13644034504520464,0.15063415237860084,0.15071216334956805,0.15071216334956805,0.15143108342798872,0.15122925965285755,0.139156009,0.1387569488565539,0.13864724617666815
peach,0.14780262526341495,0.1416315313525379,0.14166949069410695,0.14160683515445818,0.1518417548512073,0.14674791858752126,0.1597525419368768,0.14138721215638472,0.14786086475019458,0.16323274737041876,0.1544056016907309,0.1460293542595774,0.1506369182086398,0.1497479957891897,0.1443236433087701,0.1541436166230255,0.15480911185357663,0.14752508722686963,0.16736914018307025,0.173990469,0.15417175840732553,0.15410235402569245,0.15278448897885613,0.15177740993543642,0.14676814757594317,0.150507581,0.1632117446245118,0.16614789842378722,0.16292466082202073,0.16376603206272822,0.17587197757048745,0.21385098910579906,0.21113953228407395,0.2154688518597169,0.19886400879362454,0.16566985897431524,0.16271562027525796,0.15503018553305015,0.16292164726957648,0.16440716507161637,0.1610391872797828,0.1703661716115233,0.19613197986419395,0.207920894,0.2471187115884272,0.19525874212447697,0.2431157680728923,0.29091518730440796,0.23102074220913787,0.20072508513164225,0.1600495298603803,0.15998845964819228,0.15731048948579657,0.18330886925425952,0.18419355283096972,0.18059506932790445,0.2247206494786686,0.2248050898115823,0.2191505549663543,0.29723517445190406,0.29392443078223107,0.28421319563991054,0.19312007756133057,0.14493318475563102,0.15440317969686562,0.15341520191098243,0.17675301733496693,0.17434511484443535,0.2101192669313095,0.2064316490400341,0.2699503325869366
plane,0.3057519824092306,0.28273684781710096,0.28275767777305294,0.2815277886568189,0.3735116834174728,0.3278385226343365,0.33126336170179055,0.15000156261447167,0.15035462548294506,0.1681072929725205,0.3787632533830398,0.3761773997188259,0.4147165123303464,0.41691309598305293,0.17868279567839604,0.19371626547857854,0.1912431349283522,0.1566530081842544,0.16024871938777208,0.17453608179925412,0.14671638261621409,0.17231063463673407,0.3163236779147024,0.3137407977069882,0.16435583663334027,0.20460614389477336,0.20995612234876085,0.2152801351380477,0.18208659197507698,0.2134826501144245,0.18346634180806215,0.2118989160600016,0.21095867470670052,0.18835534418917171,0.17576050170674548,0.14116760092573724,0.14109269998396287,0.15255290944408847,0.15963570724564075,0.1611612443477432,0.1588683922075656,0.1799773976583516,0.20187409125774655,0.19334993557546143,0.21073291847624448,0.17885288554143777,0.20374195094560804,0.20869032732761708,0.16634984677994924,0.14775902227419124,0.13934622456770385,0.13934622456770385,0.13921530789625247,0.1435848814330522,0.14940614935727387,0.14926521353915276,0.15967500235341098,0.164256274,0.16173823804290852,0.18555114668620712,0.18857799589767169,0.17059264125816737,0.14374225844822378,0.13872628478123458,0.13872628478123458,0.13872628478123458,0.1394777908949421,0.1394777908949421,0.13864271834423234,0.13860848490178707,0.16031038257075075
reliability,0.2657119543677774,0.23738841345484446,0.24241330194434443,0.22339999081590206,0.28703520058254417,0.26346112284034784,0.27455372602041206,0.178533832,0.18555481406589217,0.16876306024586582,0.2803264360330254,0.2676159701856587,0.2906094511046407,0.29557489223570926,0.1854849282591928,0.19884504204472628,0.18930890233599368,0.1651148958622011,0.17520737010766124,0.1702047926134331,0.1588456409251884,0.1591375286086561,0.2320180778954585,0.23080615152221556,0.14437429205215427,0.16728014,0.18611276646560354,0.2551013873188387,0.3563203191906489,0.25347699,0.1580247389897581,0.18792840334966535,0.18962593017479007,0.19537733913672514,0.1715080907210049,0.16697863466869964,0.16485287895429485,0.16257848207057743,0.18311494643222376,0.2287474399443078,0.2255433640517412,0.15368802109058816,0.16822034882916537,0.22929160444974578,0.21991946019109967,0.16046477850569546,0.18002807449208472,0.1920314675544534,0.18257318215367002,0.1731553346657746,0.17318385530555322,0.17436023239124532,0.17179426464828518,0.18079527665978715,0.1810118352953373,0.17730894493346183,0.205000483,0.19703892870825493,0.19261327560990357,0.19316722320665375,0.192442179,0.18471355987499388,0.1666098294179342,0.15671515491964214,0.1698857291590775,0.1690801272023471,0.17447381189147754,0.17271797630894106,0.18992054441694414,0.18740604118859402,0.18069995645094963
sad,0.2663241578912207,0.2434847025285743,0.24350567997433328,0.23328723491251707,0.3089191235004958,0.2742423212592015,0.279806416,0.16022032255337196,0.16800716441142313,0.1444283407767997,0.29860508615532627,0.3349505355365775,0.35626831241475115,0.33396706425309397,0.17229475807470415,0.17560886961152752,0.16468068432385452,0.1523742040917009,0.15355354543105015,0.15208558321722815,0.14131682606416057,0.15750373094576692,0.25307527318773837,0.24645721435945725,0.19558003466229215,0.2564112909894578,0.2575462098007954,0.24947867016962372,0.16712498036676643,0.23785215514432967,0.17807178494613962,0.16318781116579936,0.16079941113727664,0.14704090046475277,0.1449769913326167,0.141331249,0.13978186153129332,0.15935892317914163,0.1708042668613859,0.17644581598903708,0.17256874616097162,0.22090705788782816,0.24055444022301678,0.2724792861486657,0.22381642862382886,0.2009754555062919,0.2167046759816632,0.20587748362395314,0.16103732983931943,0.14907602720473825,0.14559497313935388,0.14867163529475846,0.14859911669043635,0.1709242899729237,0.17867931244616822,0.17590920499718488,0.24113506183978092,0.24735801803653298,0.23984761942793717,0.2138676906737938,0.21885391297476234,0.18602308821949579,0.14571534132746633,0.136876797,0.1481007911404912,0.1481007911404912,0.17047811790484674,0.16999750262699473,0.22198414098528166,0.22091964918679724,0.19108327211990775
safety,0.2733583608429187,0.25757538701795313,0.2648132471992492,0.24722305874712797,0.30423311662511704,0.2922601831908706,0.29683588018586826,0.16535816108456644,0.16893735048066139,0.16098569160614395,0.28526904590288266,0.28991320456703856,0.3035886598876176,0.2938445802952374,0.18123088869033696,0.19859507118714906,0.18560733007716404,0.1482994446442629,0.15025301421726253,0.15332044692370378,0.1734852308533363,0.18882436042932946,0.27231637241787066,0.26763253028409256,0.17118846805854884,0.17594757444035472,0.17836190077274744,0.19550453866839354,0.20974914618492246,0.19285491021140747,0.1943228339580272,0.18425221178606044,0.17145168568110225,0.1759917044539493,0.17157691257534868,0.16056982764554142,0.1595036303389109,0.16496534065183024,0.18561205043090556,0.20600212434888363,0.20299037062417233,0.18849813454449105,0.20402695857665504,0.2536093068246385,0.20521884801727822,0.19961614822853826,0.2308473239805856,0.20931340963839828,0.19229141587880663,0.18054720909960906,0.17295666394172055,0.17613605208736216,0.17358590794910211,0.20363009926832817,0.2070361298557322,0.20310925870630647,0.25931061588868426,0.25802753638520715,0.25322018270192415,0.2337471944175266,0.2257513237533946,0.20100387356778124,0.18268126303552973,0.1606201998980622,0.1838624139399763,0.1835200079890286,0.2073347499227475,0.20414113126391945,0.25034720704803853,0.24644797314834804,0.20972343607570748
sandstorm,0.15344734376367494,0.14848303738657698,0.1484883143346882,0.14783892636477364,0.17630492987271207,0.16958192603755892,0.17841432574877875,0.14234867446610677,0.14705879949721792,0.16033930531773227,0.17152157004246985,0.17949898660853286,0.2024863896519354,0.19819491128689595,0.15674868191248886,0.16609089039429514,0.16006044993969473,0.15239112754721582,0.1586073760946075,0.1610474678853201,0.14677486196723774,0.1783557770956807,0.186836758,0.1816571019777993,0.14622348086120365,0.1602938389263423,0.16749057182184487,0.1653131850434947,0.15262437408621957,0.1616691348353198,0.3151302976933826,0.2256054182444937,0.21972515499336648,0.2007610848532087,0.1711176247358345,0.1575452254579043,0.1537483050217948,0.15987429623356503,0.17056466116846716,0.16634068424371765,0.16247886740256473,0.3979417427410299,0.4605958077283103,0.30892195718214455,0.3863201132882694,0.4188919566762223,0.4945731245915491,0.44324441562319095,0.27998719232841596,0.18046560109183601,0.14532340725616463,0.1449516182571873,0.14483622186493075,0.16995966878937954,0.17026957448897406,0.16610475737792682,0.32334636417745194,0.3146452097514752,0.28317781333059716,0.44748715882126305,0.43034750066196015,0.37160899611241105,0.19466631149006822,0.137288159,0.13946197141645938,0.13946197141645938,0.15683065,0.15663955320517128,0.2319458783310263,0.21251811003173735,0.3343754324364147
shirt,0.1753741092949364,0.16671438115045262,0.16671438115045262,0.16671438115045262,0.1844205272034479,0.17673486535223082,0.17756454495871013,0.13791322248415686,0.13791322248415686,0.13920751416823046,0.17494043098320092,0.18807995165781863,0.1930121982903636,0.19868022247947317,0.15761145858926554,0.15475279141522916,0.1551000482427998,0.13728552623545526,0.13735486742624187,0.13935993215921436,0.1492186206111206,0.1532910505480146,0.1715507048935724,0.17063818253917534,0.2096693711414255,0.2042810951252091,0.2030507895969878,0.19846361511344626,0.19788849841361567,0.18937121023850473,0.15428110775722345,0.15640985942024088,0.1517600101188911,0.148347209,0.14226395454605562,0.16294542299548542,0.16286958942857516,0.18565047938781634,0.1915840664714965,0.18894985629794847,0.18008108574134757,0.17832027317039742,0.1799070450763279,0.17543682947587438,0.1746433541712572,0.14916984121261762,0.1572839520338975,0.16077734931436152,0.1481168531031774,0.1379835068298451,0.14826704147950878,0.1482996367820729,0.14826718,0.1575438453577032,0.15758559055662574,0.1575291000564352,0.14590861541915615,0.14590428328965924,0.14556591012790104,0.15854284434812346,0.15820450158321817,0.15334809395275356,0.13703380938167178,0.14822742313544465,0.1482365194989509,0.1482365194989509,0.14826567301071927,0.14826491498042707,0.13703791637631674,0.13703791637631674,0.14729737145948602
shoes,0.18698306815662952,0.18457431911870564,0.1845662273504052,0.18001869506300985,0.20304704310744529,0.19325065607219974,0.19377749843477451,0.1488516639601814,0.14887809646215386,0.17721010560031078,0.21855546536009426,0.2382141304108173,0.2598689134661395,0.24864311433805084,0.1961446352353405,0.21553253522909627,0.19047831221750727,0.14729005015868044,0.14818387761900942,0.17941077548063342,0.14145659086517642,0.1519840877929345,0.1916975878251723,0.19034096034068063,0.2362597176230601,0.26691023323104646,0.2905089045194037,0.26480571243105316,0.2337299175842008,0.25536660077323753,0.23983858880620298,0.23954927868385176,0.2114045328891788,0.21131743347789966,0.18562649286891392,0.14917516488647065,0.14779104,0.1538826854296231,0.17384215371610182,0.17392725508118279,0.16947148042143126,0.21928069614265752,0.24634005867851547,0.19495122245936697,0.1922191882474176,0.25235673840040646,0.26960573215172207,0.2006190285339322,0.18830796526935867,0.16110892195966378,0.1464999509684027,0.14645619268282378,0.14569926843030429,0.14476612420886356,0.14422526,0.14264727979619976,0.15697806233939976,0.15686295340145132,0.15131132071859327,0.17776020598563003,0.16405737065745074,0.16098907523922945,0.1569225424562381,0.14027235211944214,0.1405714134023695,0.14047987667764195,0.1414302909110796,0.14120759122608015,0.13945562241707485,0.13884309008768245,0.150007879
sky,0.41421816056720573,0.37831526345482047,0.37838574655626805,0.35715489061861816,0.5112888570751765,0.4260901302861226,0.45941080578587623,0.17306817003247577,0.17932033011526682,0.17910429023865357,0.4750192887852744,0.4334610519625464,0.5227833711686013,0.5224983865880924,0.20954433232960604,0.24009887662267573,0.23192559271050125,0.17693658462192208,0.19427140076550428,0.17119202301332265,0.1568362457771891,0.16996193715123922,0.3824939974537955,0.3755411926686759,0.1392076066979553,0.15272544470821628,0.16952922148574948,0.1805445117734127,0.17586248942348598,0.17532923782146273,0.15948481156997343,0.2175714798523357,0.22153395413049032,0.20895852346193916,0.1724422594638352,0.14548403803635296,0.14437056364751844,0.1474103657831565,0.16524071236025514,0.16498422861836354,0.1640490649274574,0.1497023399909349,0.1736399854211372,0.1816937607476604,0.17344269002141754,0.15147823108103947,0.16969904920425727,0.17483962666918001,0.15542563581263397,0.14023566379711877,0.14137151607113438,0.14047484895403878,0.13924659520526686,0.1510019791009844,0.15242162365069972,0.15130814926186517,0.16671615025388595,0.16983371731454064,0.16795622266493052,0.15728240341859917,0.15870715532535137,0.15086903943985164,0.1380903160774088,0.13841911708740737,0.13972326852265182,0.13972326852265182,0.14245538682858588,0.1424508353899894,0.1474824676231658,0.14730366045965707,0.1469681943605546
sleeping,0.20112351012571855,0.2004114517782791,0.20046721359485944,0.20026539851257757,0.22723879322580515,0.2092847231465538,0.21011884869052355,0.13953792666512285,0.14292411172059957,0.15544922144961068,0.24463925641749124,0.26774637945813584,0.28030861967757664,0.2522173795866708,0.15865974092413693,0.16733561159740842,0.163129015,0.1370363914834418,0.1374395279288391,0.15586087406343735,0.14083137186574665,0.16929453767515443,0.2195799966116609,0.21221719393483562,0.20940835542772293,0.24375550915994415,0.2579862903995687,0.25063043457488954,0.18648044725579163,0.24395180027453725,0.24735153503611906,0.21940056186377402,0.20446820834993093,0.16950962864478658,0.15845703280123338,0.1392871714604861,0.13922688907501687,0.1526121026087111,0.1572817281014496,0.1594648460267121,0.1538273887562618,0.24133138500164028,0.267769419,0.20761440893871885,0.20895176434531318,0.2773067883754808,0.3200514679648683,0.2502022610906283,0.17933947344803727,0.13802906235126333,0.1430767218635187,0.14309852371498694,0.14292427018502216,0.1558271918266993,0.15788229092990086,0.15764350723794923,0.18996260244390584,0.18981987512100093,0.18629588126734697,0.2195422622638465,0.21085836166319524,0.17432760303321576,0.13699733517302506,0.1390130805462354,0.14557729241997772,0.1455491590133686,0.14880821390066246,0.14859260327273918,0.15919693079445377,0.15873696908778617,0.16748810885528312
socks,0.1592544200943818,0.15481579187764058,0.15481579187764058,0.15478091624526746,0.1688956884448888,0.1612276340657794,0.16505561789240147,0.14068481797080884,0.14074885777232715,0.16810591409722905,0.1762790936224424,0.19966390924744448,0.20994622859736795,0.19934470159902384,0.17781471753455197,0.17152596579772234,0.16372429711724007,0.14116117552568333,0.15798054639954195,0.17344480627703499,0.14783004225504573,0.17069863712595718,0.18181773655734224,0.18055674368766622,0.1993649144665139,0.2452401091094346,0.29267069802959583,0.3050024275424611,0.2743413164390336,0.3015717811983282,0.20822585661403353,0.22899863513613375,0.22396869061376962,0.21197199625874877,0.18709484019244782,0.14644475997737824,0.14617729299822763,0.15996804919089422,0.19203113329297403,0.19843470376892375,0.1950394468330627,0.2180540916463096,0.27981342385495395,0.2577329712831083,0.23820289176058423,0.24270229960433168,0.27496804,0.22876632810751957,0.22114057583637525,0.17181590365471017,0.143497127,0.1433983936686136,0.14204755279921777,0.16805160639035846,0.16774704847311986,0.16682622439460765,0.20174248256082652,0.1974901038664168,0.1910780007821256,0.21011900783279253,0.19936175535428097,0.17340997801216626,0.16862226881198833,0.14175700602699587,0.15516721736488154,0.15513234173250842,0.16028507239482134,0.1568959508650768,0.1750134256413466,0.16872012528744726,0.1687670867729061
speed,0.27565558947285945,0.25908627234894804,0.25982997556965154,0.24711565360180165,0.29414725629840865,0.2867913495862766,0.28716301290432733,0.1898554408055229,0.18945364732446443,0.17306108275553028,0.28806282787001075,0.30411588283289626,0.3043398542731018,0.28993537392449525,0.2009030007800681,0.19818412271040897,0.18810309783226545,0.17287977957815326,0.17160095211928167,0.17457668897162262,0.15987989048460471,0.1690651244971181,0.26859749890880763,0.26174948212087046,0.1940552287172957,0.20579357553623415,0.21918713991013913,0.2401543321041923,0.25022620869766715,0.23563443303647347,0.18773315470062252,0.184270914,0.17646760929007774,0.18951319898226687,0.18553638643989348,0.14440667996038342,0.1428524524996752,0.16149456744914242,0.17081269223945725,0.1904721679397924,0.18514290162404803,0.1873763654787147,0.21943242024103785,0.22152677666551493,0.21712865578654442,0.19575830546329487,0.2095639369406853,0.19135991913634198,0.2032391424093009,0.1856104861921768,0.14333702564844739,0.1436928782658161,0.14255575382002586,0.14848805051148203,0.1483467214477787,0.14678053252583764,0.16517938388911207,0.16487895428962698,0.16173170074435905,0.19116830895676454,0.18759278068626023,0.18390892159330047,0.18145208580565855,0.1409778262808428,0.14723968544476548,0.14696394402459936,0.1501746769872664,0.14950302516960665,0.15393056473771194,0.15268843904107604,0.17190812609075348
strawberry,0.15560233856891328,0.15337376192470542,0.15343985765026563,0.14079224,0.1599218836463812,0.15760632551243428,0.1599082656887619,0.15166419422456254,0.15248271619874462,0.18376864132317697,0.15115973567368324,0.1486191528731175,0.15303432256725868,0.15107792443828602,0.14708299478662357,0.15599873122390975,0.1519042092695134,0.1576603513097906,0.1698472262896976,0.193191542,0.17054623156172313,0.17131537929715576,0.14763021324942965,0.1463345132633219,0.15341557600918898,0.17164352097377433,0.18773385594595748,0.18257369098815074,0.1727397995168504,0.17836138067683724,0.24400281239619775,0.2709161000608049,0.23453972922179583,0.33908574528809016,0.317248764,0.18863979794157676,0.18100880310924322,0.19262940834907302,0.20244429122541283,0.19691854951430496,0.1888962894152055,0.20087839225098525,0.2174027879747779,0.1911549908979171,0.20855546350078785,0.2935103135826171,0.3144045417047234,0.2739598581032157,0.4914170571904562,0.44869179705221107,0.19903461538106387,0.19549738848481873,0.18373681921315363,0.2069251028130474,0.19810495938741568,0.1881133461554193,0.19813900882955407,0.18705953905977232,0.17660300590235734,0.3484158116898906,0.30743207869750677,0.3420684490342246,0.42423524643088256,0.16361528922334603,0.1868189199544535,0.1804931363686684,0.19778616800298374,0.18526041335623628,0.18388193760748583,0.16975127855220076,0.2585604771951572
sunset,0.1720085043650914,0.16692323616674956,0.16747133007593426,0.15352422294499005,0.17558861753551538,0.17984623715404494,0.18316685132419444,0.19040938264784393,0.1945247376238017,0.1798134027054402,0.17379106034064237,0.18240184823527555,0.18972065613846656,0.1856256793135843,0.21814198724569214,0.22643725432074116,0.21764299655831978,0.20367620451493001,0.20967756124019996,0.1920437451515041,0.1425917656008614,0.15539875766365946,0.16843723140546168,0.16549815067160706,0.16204698327110262,0.22484941989126686,0.23083403452133835,0.21898285274418983,0.1531816520126543,0.2052863330119257,0.2634190802784423,0.24023544281629106,0.22507575478400557,0.23675949884571115,0.20738604933190533,0.14579392315634507,0.1433944688373045,0.14925038764587978,0.15761151996112963,0.1551472065356853,0.15291297500485168,0.2338688887889187,0.27109915963574155,0.22888639241053604,0.2842156147496041,0.2897095622535788,0.336046683,0.34033881240116737,0.3184767209352989,0.26512285209204534,0.14836869634781283,0.1514259146636647,0.1495362442133561,0.16171807967464433,0.16451019596678548,0.1620281234646907,0.24918259250094688,0.24917089489298774,0.24067710985789453,0.3620595818462531,0.35297026994004393,0.33803102657273226,0.26125252318767067,0.1399566708568885,0.15212277095959345,0.15149502939160445,0.16209001545622717,0.16166520781206678,0.21919615186095415,0.21421021780492444,0.30644641122176286
train,0.20127390836426304,0.19900735704414557,0.19908688201959074,0.1963878723663531,0.23887948091036276,0.21115113804322147,0.2205276714752179,0.14633521887174725,0.14911490300654265,0.158312174,0.2392250559446333,0.2349868620157146,0.26414825792348834,0.25763053865346025,0.16321078338016787,0.17220207428732429,0.16578405071339802,0.14535418219103732,0.1480994838901674,0.1578207912292089,0.16974405814327134,0.1820742360350773,0.2107840836420484,0.20686723933640866,0.18427820752689444,0.22822467619208034,0.23639838314206793,0.23356083732769659,0.18547130244462337,0.22635514314190655,0.21405996400501096,0.19869849783761903,0.18806178092196194,0.18593444157794053,0.17073392044685884,0.17842379730296548,0.1752933122831117,0.20051631947926504,0.2145922028645719,0.21539729066196406,0.20574780412159074,0.25835088716811705,0.2849495583506311,0.24959019369892316,0.22903458547042857,0.2570844862794906,0.27851035509105754,0.23209281666530346,0.19478380173671997,0.17544747676385505,0.17961654298738752,0.18131931635391413,0.1787774245079442,0.20700677171628892,0.2075580990254231,0.20032325977162424,0.22677883819899142,0.22227959201141842,0.20758145371341563,0.21804392249113702,0.21294580843680266,0.188004772,0.1714104418365546,0.16466547986470775,0.17361258461893708,0.17297123910349133,0.1889861997224558,0.1861194752248299,0.1831673687305565,0.17891335278217632,0.18586594890013566
truck,0.2110281529407336,0.2074938122950898,0.2073785157994186,0.20543089761863934,0.23717127581505337,0.22131450775115882,0.22166211743842532,0.1488380891219088,0.1488842789834609,0.14959414299527368,0.24587479642206791,0.28453206735136466,0.2903657935465989,0.26626925429975157,0.1954606810715318,0.19534968830214788,0.17907386298382466,0.1490415742867653,0.14897836600706135,0.14983709368504472,0.15518297281052734,0.17573927195067382,0.22366728881368336,0.21786916720117253,0.2499257377091915,0.26188385146524046,0.2537431852369731,0.2386961408213248,0.1711711040943502,0.22839569350653424,0.21695478951283229,0.1924871259233906,0.1768405729421487,0.16443157773017053,0.1561862138087905,0.15731858232914797,0.15475353726826102,0.18308784180237722,0.18485344153894293,0.17940722472512274,0.17262767654786576,0.25243339126144626,0.2530102544981979,0.2019277530359142,0.18708643016238333,0.2585922742742981,0.2578808719325224,0.20515838636795616,0.17523516259340602,0.15948703901103337,0.1550174510184412,0.15409174360005334,0.1528858475806038,0.1672393787914446,0.16456770469301965,0.16021751570648773,0.18679077669907115,0.17797936671591164,0.1667091712060537,0.1865722465289265,0.17835517261329326,0.17196009748071642,0.15739643898587455,0.14986755373974142,0.15024437815927288,0.15024437815927288,0.15508503641753948,0.1547607903534313,0.15325802019237617,0.1506289111634364,0.15798174827242098
watermelon,0.15671227021943732,0.13935623288085955,0.13950495759805256,0.1374882662510464,0.16201937438967928,0.14947383885169352,0.15569369455903995,0.1415952604555211,0.14283475325125558,0.14520290125149005,0.1554235158769009,0.15430738148087914,0.16468257383641877,0.15675780022243155,0.1574132982123533,0.16688950055513183,0.16045335251154913,0.14695272573979287,0.15368241248785364,0.16385398993927175,0.29507006419189546,0.295386741,0.1465901932107006,0.14476911055190983,0.15895711321602018,0.14947459212989395,0.16102803452046377,0.1655806276722486,0.16231973300456476,0.16525510478888217,0.17955396212669242,0.18313979565414004,0.17688048220360203,0.2130509148653568,0.19620244303329235,0.36881821071211646,0.3444068567511421,0.3800832323977428,0.41141253464429983,0.39263349014849774,0.3672545548677749,0.23860294319094583,0.2817195866618566,0.2687318827521391,0.2598203340419753,0.2071188852872305,0.22570802679101967,0.2320415100795561,0.28880244680045875,0.2606472233975295,0.3869883721023129,0.37550790477232054,0.3520691554541055,0.41786364178181773,0.39748084084929886,0.3710695001395342,0.2828325856608259,0.2678682947351376,0.24373239220800064,0.2674042104861601,0.26226656904906664,0.2353482782381918,0.2540193921375948,0.28924523862362594,0.3266158304559246,0.3188849153220848,0.3786069320719464,0.3581192331523935,0.25042850038331016,0.23204915655122924,0.23156559018415018
happy,0.18561984942227977,0.1738650821116045,0.17414807976244964,0.17384579110880657,0.2084161589138472,0.18605237346006057,0.19122920753342626,0.1374550245691349,0.14792727475828177,0.16179088639092745,0.21188340889108634,0.20418875785329574,0.21932605904520786,0.21767083362036146,0.14758433653323522,0.15792323579506423,0.1635512862848358,0.1399015160675781,0.14651843184885657,0.16654282177307705,0.15863110780452155,0.16970904748466045,0.18948456413498188,0.18653468060009287,0.171917174,0.1679500495633741,0.1690724261316158,0.17734785959231095,0.17705004692477397,0.17595548478214207,0.19660359010869669,0.18780736907622375,0.18936484823429572,0.17328473025225857,0.16777340470439048,0.15986085433190747,0.15850036080154048,0.17975508998228554,0.1887426131592531,0.19233543037935472,0.18791845681109293,0.2372850639792535,0.2797019009387078,0.35237107699855524,0.259517972,0.235425973,0.2733074658995801,0.2566762516387564,0.18355523173424956,0.14514999697015543,0.1699106860867337,0.20559309602913228,0.20425603478884877,0.21268234726461246,0.22824288246548868,0.22333967947040284,0.3602923815757898,0.3643917547026983,0.35394408992536447,0.27242311500839445,0.28547486532623306,0.22175674094955455,0.14404414235914753,0.18338767288961164,0.20578754609354113,0.20548346597930015,0.2408023946375025,0.237978079,0.343893237,0.3391301458284976,0.25944733944316284
peace,0.234082928,0.2279223554128461,0.22809128592270647,0.22105107785334316,0.2567993541826408,0.23360031751431828,0.23560853951682942,0.14461191471799906,0.14536688442333484,0.14682823471684883,0.2855055710312167,0.2588637010996621,0.2829024853341442,0.2715947831313363,0.15372846536268384,0.17391221918166233,0.1695054772915378,0.14502501196596995,0.146887293,0.15098582180313427,0.1824702113388178,0.19466060264276247,0.2645062090023312,0.2613387101716923,0.18889237333821096,0.18635407821693542,0.17678132965932672,0.21947440916125777,0.2591745545192148,0.21861474989519855,0.1741742611137317,0.18370227822817264,0.178600019,0.1569303337760357,0.1551303075840647,0.15654972190961028,0.15487479761986903,0.1648201036712374,0.18397990606460987,0.22443356953505594,0.22252089208729947,0.17920556261105294,0.22938537142962828,0.272025496,0.2993253004163948,0.17836359602516866,0.22374302209963265,0.2604704564682329,0.18641006066114812,0.16851319763449668,0.15738853710749326,0.1597981597497034,0.15954004875155636,0.17052355526092233,0.17478320931680416,0.1729636631085549,0.20553892082327482,0.21077591331318785,0.20615406478185563,0.24047178453464566,0.24192707575839598,0.21857898533266784,0.16907572266138174,0.15224054404641107,0.16128043163713884,0.15963716341689807,0.1654666127358659,0.1654086677164359,0.17573636604488457,0.17451676118760892,0.21278082264481749
working,0.17572661295465714,0.16808713579440282,0.16826285117121703,0.16799936600296297,0.18591069194249452,0.17674718757543909,0.17887092414316214,0.1453080646623573,0.14565687526184093,0.14905557245982248,0.1914697219129111,0.21835956009131652,0.22486518916628775,0.21516792352528846,0.19145588619163081,0.18951859225395296,0.17684921546019744,0.14754515006114335,0.14796972021911486,0.15483690567783034,0.15200750085772385,0.1739160082307241,0.185887273,0.18028460518778924,0.27530407714924865,0.30492549957593496,0.29839970764554163,0.27931057275845195,0.18244983446642712,0.2672332150422629,0.22847665975992576,0.19806705995443374,0.18432003578690223,0.1679882335080675,0.15616117043559727,0.15587551291702187,0.15483122,0.19266012790405004,0.19709014345965156,0.18814457097909582,0.17727130721900686,0.2521937340126458,0.2652119838195507,0.20639641595055697,0.19219554088400725,0.24342584054759264,0.2577075652756849,0.2073257679265361,0.17734517634195684,0.15692557972100427,0.1554461149217349,0.15541429102050233,0.15481888440026478,0.16215110679236774,0.161629753,0.15830852852261432,0.18280629133525755,0.17705106458668743,0.16370725883729156,0.18866223268172325,0.18369526784612636,0.1647689046324833,0.1557217590175418,0.15256287977712593,0.15310994913938122,0.15302318383330074,0.15881389947270194,0.15813719683467115,0.14970013448291936,0.14802184678199398,0.15903409976793897